出表日期,資料年月,公司代號,公司名稱,產業別,營業收入-當月營收,營業收入-上月營收,營業收入-去年當月營收,營業收入-上月比較增減(%),營業收入-去年同月增減(%),累計營業收入-當月累計營收,累計營業收入-去年累計營收,累計營業收入-前期比較增減(%),備註
"1151011","11509","1108","幸福","水泥工業","301975","290125","350532","4.084446359327876","-13.852372964522496","2805855","3425383","-18.086386252281862","-"
"1151011","11509","1109","信大","水泥工業","281910","268621","379708","4.947118803071986","-25.756107324575726","2700424","3335120","-19.030679555758113","-"
"1151011","11509","1110","東泥","水泥工業","196560","169661","226502","15.854557028427276","-13.219309321771993","1894554","2142289","-11.564032677197147","-"
"1151011","11509","1210","大成","食品工業","9880170","9704420","8731543","1.8110304376768525","13.154914314686419","82905383","75695865","9.524322101345959","-"
"1151011","11509","1213","大飲","食品工業","31150","40028","34129","-22.17947436794244","-8.728647191537988","254320","226784","12.1419500493862","-"
"1151011","11509","1215","卜蜂","食品工業","2538412","2363683","2389204","7.392234914749567","6.245092507797576","21866426","20852147","4.864146603225078","-"
"1151011","11509","1218","泰山","食品工業","497289","531098","885650","-6.3658684461248205","-43.85039236718794","6624495","7737006","-14.379089275619018","-"
"1151011","11509","1219","福壽","食品工業","866223","984933","1211300","-12.052596471028993","-28.48815322380913","9810323","10606045","-7.502532753726766","-"
"1151011","11509","1220","台榮","食品工業","341897","361183","290497","-5.3396754553785755","17.693814393952433","2486552","2401036","3.5616292300490286","-"
"1151011","11509","1225","福懋油","食品工業","835530","715560","925938","16.7658896528593","-9.763936678265715","8883503","9103661","-2.4183457622158824","-"
"1151011","11509","1231","聯華食","食品工業","986272","1248708","1068355","-21.01660276061337","-7.6831203111325355","9745796","9486468","2.733662307193784","-"
"1151011","11509","1232","大統益","食品工業","2387056","2395366","1796364","-0.34691984439956147","32.882645165456445","18753075","15836433","18.41729131806386","-"
"1151011","11509","1233","天仁","食品工業","196625","193635","187040","1.544142329640819","5.124572284003421","1688651","1605435","5.18339266304771","-"
"1151011","11509","1234","黑松","食品工業","932975","893504","877543","4.417551572236945","6.316727499393192","7129957","7308376","-2.4412947554969806","-"
"1151011","11509","1235","興泰","食品工業","9293","3666","19629","153.49154391707583","-52.656783330786084","114990","119659","-3.90192129300763","泰宇網通累計1-9月營收較去年同期減少1,827仟元"
"1151011","11509","1236","宏亞","食品工業","226229","166049","229974","36.24231401574234","-1.628444954647047","1445516","1379477","4.787249080629833","-"
"1151011","11509","1304","台聚","塑膠工業","3754555","3671323","3613952","2.267084644963137","3.890560804349366","32527414","34227095","-4.965893249193366","-"
"1151011","11509","1305","華夏","塑膠工業","739672","682270","744029","8.413384730385332","-0.5855954539406394","7393187","7385423","0.10512600293849113","-"
"1151011","11509","1307","三芳","塑膠工業","936817","1053304","935230","-11.05920038279547","0.1696908781796991","8719673","8251583","5.672729705318361","-"
"1151011","11509","1308","亞聚","塑膠工業","485213","518710","540674","-6.4577509591101","-10.257752360942083","4357820","4341605","0.373479392989459","-"
"1151011","11509","1309","台達化","塑膠工業","1265805","1147797","1158361","10.281260536488595","9.27551946241284","9619767","11473931","-16.15979737022996","-"
"1151011","11509","1310","台苯","塑膠工業","817671","827062","722884","-1.13546505582411","13.11233890914725","6475861","6962072","-6.983711171042184","-"
"1151011","11509","1312","國喬","塑膠工業","4155380","2381254","2111417","74.50385385179405","96.8052734253821","20824504","15983590","30.286775373992953","115年9月子公司泉州國亨產銷調節，出售部份原料所致"
"1151011","11509","1313","聯成","塑膠工業","5271896","5244696","5233280","0.5186191916557222","0.7378928702458114","47005859","44125805","6.526915486301043","-"
"1151011","11509","1314","中石化","塑膠工業","864808","927609","1573328","-6.770201669022185","-45.03320350238475","10832025","15851243","-31.66450731970988","-"
"1151011","11509","1315","達新","塑膠工業","187349","219175","162684","-14.520816698984829","15.16129428831354","1592082","1747912","-8.915208545967989","-"
"1151011","11509","1319","東陽","汽車工業","2098009","1946454","1929750","7.78621020584098","8.719212333203783","17373964","18586567","-6.524082688320011","-"
"1151011","11509","1321","大洋","塑膠工業","331349","271109","247647","22.219845154531942","33.79891539166636","2817319","2749985","2.4485224464860718","-"
"1151011","11509","1325","恆大","塑膠工業","14925","15611","21404","-4.394337326244315","-30.270042982620073","173881","227957","-23.722017748961427","-"
"1151011","11509","1337","再生-KY","塑膠工業","55984","47354","59781","18.2244372175529","-6.351516368076814","442499","502004","-11.853491207241376","-"
"1151011","11509","1338","廣華-KY","汽車工業","410754","503046","492592","-18.346632315931345","-16.613749309773606","3817980","3884458","-1.7113841879613578","-"
"1151011","11509","1339","昭輝","汽車工業","136758","140264","121507","-2.499572235213597","12.551540240479973","1224102","1289692","-5.085710386665964","-"
"1151011","11509","1340","勝悅-KY","塑膠工業","6390","7115","2859","-10.189739985945186","123.50472193074502","49505","32737","51.2203317347344","公司停業舊營業項目並新增項目，營收較去年成長；更正114年第3季及全年財報，致本、去年營收及累積營收產生差異。"
"1151011","11509","1341","富林-KY","塑膠工業","224604","181811","214859","23.53707971464873","4.535532605103812","2008034","1878778","6.879791013094682","-"
"1151011","11509","1342","八貫","其他","299191","307180","233643","-2.6007552575037436","28.054767315947835","2856146","2099531","36.03733405222405","-"
"1151011","11509","1410","南染","紡織纖維","20269","18766","9690","8.009165512096345","109.17440660474716","163888","141628","15.717231056005874","114年因環境影響子公司營收低迷，今年逐步回穩故造成兩期營收變動較大"
"1151011","11509","1413","宏洲","紡織纖維","202384","184216","138456","9.862335519173145","46.17206910498642","1567316","1662012","-5.697672459645298","-"
"1151011","11509","1414","東和","紡織纖維","32723","31640","30309","3.422882427307206","7.964630967699363","335157","358863","-6.605863518947342","-"
"1151011","11509","1416","廣豐","其他","51058","44896","29954","13.725053456878118","70.45469720237698","367643","249114","47.58022431497226","數位科技營收增加"
"1151011","11509","1417","嘉裕","紡織纖維","18876","23777","42022","-20.612356478950247","-55.08067202893722","212655","237556","-10.482159995958847","本月營收較去年同期減少，係因團體制服業務部分大批量訂單將於下月出貨所致。"
"1151011","11509","1418","東華","紡織纖維","33","38","18","-13.157894736842104","83.33333333333333","4331","3601","20.27214662593724","配合客戶生產線出貨"
"1151011","11509","1419","新紡","紡織纖維","524797","510290","443311","2.842893256775559","18.381226723451483","4025710","3253891","23.719878754389743","-"
"1151011","11509","1423","利華","紡織纖維","5169","10823","14422","-52.240598724937634","-64.15892386631535","66342","67241","-1.3369819009235437","主因去年基底偏高所影響。"
"1151011","11509","1434","福懋","紡織纖維","1978787","2026703","2156675","-2.3642339306745983","-8.248252518344211","20372029","21439086","-4.977157141866962","-"
"1151011","11509","1435","中福","其他","498","499","498","-0.20040080160320642","0.0","4486","4486","0.0","-"
"1151011","11509","1436","華友聯","建材營造","167029","54343","117017","207.360653626042","42.739089192168656","792974","3692164","-78.5227850117167","累計營收較去年同期減少，係今年交屋數量較去年同期減少所致。"
"1151011","11509","1437","勤益控","其他","69828","80186","71384","-12.917466889481954","-2.179760170346296","667457","693431","-3.7457223573794654","-"
"1151011","11509","1438","三地開發","建材營造","323181","406071","19398","-20.41268645138412","1566.053201360965","1160734","20617","5529.984963864772","因本年已有建案完工交屋，故營收變化大。"
"1151011","11509","1440","南紡","紡織纖維","1030394","1050401","1036303","-1.9047011569867127","-0.570200028370081","9944477","11143876","-10.762853068357904","-"
"1151011","11509","1441","大東","紡織纖維","89177","108006","113503","-17.433290743106863","-21.432032633498675","891634","1138996","-21.717547735022773","-"
"1151011","11509","1442","名軒","建材營造","221288","265545","152342","-16.666478374663427","45.25738141812501","1590613","2694899","-40.97689746443188","-"
"1151011","11509","1443","立益物流","其他","74593","82121","82471","-9.166960947869606","-9.552448739556935","702404","750897","-6.4580095539068605","-"
"1151011","11509","1444","力麗","紡織纖維","448436","444102","631929","0.9759019324389442","-29.036964595706163","5907650","5336567","10.701317907186398","-"
"1151011","11509","1445","大宇","紡織纖維","54513","54031","51381","0.892080472321445","6.095638465580662","481787","579169","-16.814090533160442","-"
"1151011","11509","1446","宏和","紡織纖維","85189","88539","11293","-3.7836433662002054","654.35225360843","517380","987854","-47.62586374099816","營建銷售增加營收"
"1151011","11509","1447","力鵬","紡織纖維","1841298","2041747","2580373","-9.81752391456924","-28.642176925584014","21151056","21160683","-0.04549475080742904","-"
"1151011","11509","1449","佳和","紡織纖維","342838","317172","135961","8.092139280894909","152.15907502886859","2872773","1805502","59.11214720338166","訂單增加及合併子公司營收"
"1151011","11509","1451","年興","紡織纖維","592396","654058","520652","-9.427604279742775","13.779645521384726","5124325","4687148","9.32714307293049","-"
"1151011","11509","1452","宏益","紡織纖維","60605","69905","121620","-13.303769401330378","-50.16855780299293","968710","1047293","-7.503439820565974","因鼠害造成電力中斷，導致產量下滑，進而影響整體營收。"
"1151011","11509","1453","大將","建材營造","126","107","105","17.757009345794394","20.0","1093","1078","1.391465677179963","-"
"1151011","11509","1454","台富","紡織纖維","96050","70385","117012","36.463735170846064","-17.914401941681195","926577","1179294","-21.429516303822457","-"
"1151011","11509","1455","集盛","紡織纖維","463811","464570","435352","-0.16337688615278645","6.537009132839633","4304208","4987231","-13.695435402932008","-"
"1151011","11509","1456","怡華","建材營造","17878","2232459","16706","-99.19917902187677","7.015443553214414","2708738","621617","335.7567441044888","本年累計認列建設收入較去年累計增加所致"
"1151011","11509","1457","宜進","紡織纖維","258689","231778","217759","11.61067918439196","18.79600843133923","2157454","2341581","-7.8633624034359695","-"
"1151011","11509","1459","聯發","紡織纖維","84775","77340","102095","9.613395396948539","-16.96459180175327","749003","897502","-16.545812711280867","-"
"1151011","11509","1460","宏遠","紡織纖維","724414","718711","652793","0.7935039257782335","10.971471814189185","4993152","5467849","-8.681604045759128","-"
"1151011","11509","1463","強盛新","紡織纖維","16786","15629","19169","7.4029048563567725","-12.431530074599614","167739","758605","-77.88849269382617","去年第一季子公司保強建設房屋售出入帳"
"1151011","11509","1464","得力","紡織纖維","1091163","1001905","1134942","8.908828681362005","-3.8573777338401434","9002783","9337949","-3.589289253989286","-"
"1151011","11509","1465","偉全","紡織纖維","29221","18919","30444","54.453195200592","-4.017211930101169","280442","278424","0.7247938396115278","-"
"1151011","11509","1468","昶和","紡織纖維","25065","22570","71248","11.05449712007089","-64.82006512463508","354552","646259","-45.13778531517549","終端市場需求轉弱，客戶下單態度轉為審慎。"
"1151011","11509","1470","大統新創","紡織纖維","35880","41969","58473","-14.508327575114965","-38.63834590323739","506070","592388","-14.571193204453838","-"
"1151011","11509","1473","台南","紡織纖維","367579","559294","312482","-34.27803623854359","17.63205560640293","4980377","5435703","-8.376579809456109","-"
"1151011","11509","1474","弘裕","紡織纖維","267668","236259","248010","13.29430836497234","7.926293294625217","2097962","2168930","-3.272028142909176","-"
"1151011","11509","1475","業旺","紡織纖維","116302","129628","132193","-10.280186379485913","-12.021060116647629","1096585","1106650","-0.9095016491212217","-"
"1151011","11509","1476","儒鴻","紡織纖維","3508348","3311034","3240190","5.959286434388774","8.27599616071897","30278680","28725625","5.4065142185766195","-"
"1151011","11509","1477","聚陽","紡織纖維","2930592","3554003","2362510","-17.541093803241022","24.04569716107022","26546755","26501961","0.1690214546765049","-"
"1151011","11509","1504","東元","電機機械","5914588","5408315","5202947","9.361011701426415","13.677652299744741","47639807","43758727","8.86927080854066","-"
"1151011","11509","1506","正道","電機機械","112879","116168","98412","-2.831244404655327","14.700443035402186","968765","820000","18.142073170731706","-"
"1151011","11509","1513","中興電","電機機械","2416918","2502498","2172084","-3.4197829528734887","11.27184768176553","21353495","20342936","4.967616277217802","-"
"1151011","11509","1514","亞力","電機機械","980973","773622","888560","26.802624537564856","10.400310614927523","8024743","7414042","8.237085789371035","-"
"1151011","11509","1515","力山","電機機械","587458","460497","497251","27.570429340473446","18.14113998765211","3705094","3618159","2.402741283619653","-"
"1151011","11509","1516","川飛","其他","11060","9784","703","13.04170073589534","1473.25746799431","83176","55935","48.70117100205596","主要業務去年同期出貨量較低，今年營運穩定增加出貨量。"
"1151011","11509","1521","大億","汽車工業","278188","248902","319840","11.766076608464376","-13.022761380690346","2832332","2654236","6.709878096747991","-"
"1151011","11509","1524","耿鼎","汽車工業","213009","221762","211836","-3.947024287298996","0.5537302441511358","1807544","1922403","-5.974761795523623","-"
"1151011","11509","1525","江申","汽車工業","121887","94944","103917","28.37778058645096","17.292647016368832","976601","901418","8.340525705055812","-"
"1151011","11509","1526","日馳","電機機械","54364","41955","71723","29.576927660588726","-24.202835910377424","486805","611382","-20.376295016863434","-"
"1151011","11509","1527","鑽全","電機機械","261918","241850","212564","8.29770518916684","23.21841892324194","2118314","2302441","-7.997034451697133","-"
"1151011","11509","1528","恩德","電機機械","317395","383294","290203","-17.192807609824314","9.369992729227471","2488595","2104035","18.277262498009776","-"
"1151011","11509","1529","樂事綠能","電機機械","26829","49353","52688","-45.63856300528843","-49.07948679016095","561315","680638","-17.53105174850655","-"
"1151011","11509","1530","亞崴","電機機械","295818","87383","80511","238.53037776226498","267.4255691768827","1534487","1456551","5.35072235712996","因受海運費上漲、民俗農曆七月、颱風影響船期與貨運安全，故延緩至九月出貨。"
"1151011","11509","1531","高林股","電機機械","127745","125964","107652","1.4138960337874313","18.66477167168283","1175141","1161599","1.1658067887455137","-"
"1151011","11509","1532","勤美","電機機械","2120363","1689080","2094166","25.533604092168517","1.250951452750164","11970094","12115072","-1.196674687529715","-"
"1151011","11509","1533","車王電","汽車工業","298066","459785","391477","-35.17274378242004","-23.861171920700322","3850579","2804905","37.28019309031857","-"
"1151011","11509","1535","中宇","電機機械","708025","701433","1084206","0.9397904005086729","-34.69645067450281","6268614","8678854","-27.771408529282784","-"
"1151011","11509","1537","廣隆","電機機械","621513","606136","492993","2.536889410957277","26.06933567008051","5271412","5017791","5.054435308286057","-"
"1151011","11509","1538","正峰","電機機械","4407","4096","8078","7.5927734375","-45.44441693488487","46314","92571","-49.969212820429725","-"
"1151011","11509","1539","巨庭","電機機械","84264","105264","98294","-19.94984040127679","-14.273506012574522","858250","1048005","-18.106306744719728","-"
"1151011","11509","1540","喬福","電機機械","26769","25446","27853","5.199245460976185","-3.8918608408429973","274487","404811","-32.19378920039228","-"
"1151011","11509","1541","錩泰","電機機械","171180","185322","262111","-7.631042186032959","-34.69179088248872","1780891","2881206","-38.18939013732444","-"
"1151011","11509","1558","伸興","電機機械","968419","890004","749595","8.810634558945802","29.19229717380719","7013450","6472831","8.352125986295642","-"
"1151011","11509","1560","中砂","電機機械","908501","899115","698435","1.0439154057044984","30.07667141537867","7479795","5978578","25.10993416829219","-"
"1151011","11509","1563","巧新","汽車工業","816203","549815","584286","48.45047879741367","39.69237667854441","5867803","5334742","9.992254545768098","-"
"1151011","11509","1582","信錦","電子零組件業","719468","724367","744503","-0.6763146305671021","-3.3626459530720494","6434039","6563936","-1.9789498252268152","-"
"1151011","11509","1583","程泰","電機機械","438443","336552","302338","30.274964938553328","45.01749697358586","3192963","2912667","9.623345202180682","-"
"1151011","11509","1587","吉茂","汽車工業","221213","211156","220377","4.762829377332399","0.3793499321617047","2022392","1874085","7.913568488088854","-"
"1151011","11509","1597","直得","電機機械","155260","133094","95653","16.654394638375884","62.31587090838761","1182597","804723","46.95702744919681","訂單需求增加"
"1151011","11509","1598","岱宇","運動休閒","542698","491583","433720","10.398040615725117","25.126348796458544","4423283","4446848","-0.5299259160645923","-"
"1151011","11509","1603","華電","電器電纜","498911","439498","386900","13.51837778556444","28.9508917032825","4251594","4094304","3.8416785856643765","-"
"1151011","11509","1604","聲寶","電器電纜","695215","706947","653438","-1.6595303466879412","6.393414524407825","6998384","6950112","0.6945499583316067","-"
"1151011","11509","1605","華新","電器電纜","15891435","14428827","14411314","10.136707578516258","10.27054854262422","136802100","132407454","3.3190321747293776","-"
"1151011","11509","1608","華榮","電器電纜","1106056","1180412","932527","-6.29915656567368","18.608469245394502","10271892","8622964","19.122519820330922","-"
"1151011","11509","1609","大亞","電器電纜","3572692","3388884","2741411","5.423850447521957","30.323107334142893","27889836","23003749","21.240394337462124","-"
"1151011","11509","1611","中電","電器電纜","81050","81207","83257","-0.193333087049146","-2.6508281585932716","759876","817839","-7.087336260559841","-"
"1151011","11509","1612","宏泰","電器電纜","590968","684422","607183","-13.65444126576878","-2.6705293132383483","5993957","5901351","1.569233892374814","-"
"1151011","11509","1614","三洋電","電器電纜","416190","405059","420625","2.7479947365692405","-1.0543833580980684","3983524","4199309","-5.138583514573469","-"
"1151011","11509","1615","大山","電器電纜","717009","465639","438926","53.983880216219","63.35532641037442","4605527","4133970","11.406880069279651","本月配合客戶交期，電線電纜及銅板出貨量增加，至營收較去年同期成長。"
"1151011","11509","1616","億泰","電器電纜","492646","447433","528372","10.104976611023327","-6.761524077733112","4262428","4055776","5.095251808778394","-"
"1151011","11509","1618","合機","電器電纜","350047","527665","404345","-33.661129694029356","-13.428631490435148","3838593","3828181","0.2719829600533517","-"
"1151011","11509","1708","東鹼","化學工業","645789","680872","532891","-5.1526571807916905","21.185946094041746","5274873","4524634","16.58120855742144","-"
"1151011","11509","1709","和益","化學工業","922902","1208393","865696","-23.625674759784275","6.608093372269249","8374585","6960863","20.309579430021824","-"
"1151011","11509","1711","永光","化學工業","772793","747049","623221","3.446092558854908","23.99983312500702","6478258","5733831","12.9830649002386","-"
"1151011","11509","1712","興農","化學工業","1744444","1449498","1590146","20.348148117486193","9.703385726845207","14934049","14234401","4.915191022087969","-"
"1151011","11509","1713","國化","化學工業","54973","38761","35037","41.82554629653518","56.89984873134115","353434","323641","9.205570369637963","國內客戶需求增加"
"1151011","11509","1714","和桐","化學工業","3505097","3046841","2227028","15.040364758121608","57.38899555820582","26899240","16799291","60.12128130883619","115年9月營收較去年同期增加達50%以上，主係產品銷量、售價皆較去年同期增加。"
"1151011","11509","1717","長興","化學工業","4433367","4069789","3426999","8.933583534674648","29.365867921175347","34764965","30561709","13.753340822661455","-"
"1151011","11509","1720","生達","生技醫療業","699609","623714","629382","12.168237365202641","11.158088410536049","5444984","5237317","3.9651409299838067","-"
"1151011","11509","1721","國慶科技","化學工業","151185","169943","182594","-11.03781856269455","-17.201550981959976","1227508","1374005","-10.662042714546162","-"
"1151011","11509","1722","台肥","化學工業","1169858","911920","1093632","28.28515659268357","6.969986247659176","9818068","9363157","4.858521543534942","-"
"1151011","11509","1723","中碳","化學工業","811779","619597","501491","31.017257991888275","61.873094432402574","5434827","4513683","20.40781330899844","合併營收大增，除因油價上漲致產品售價衝高外，因應10月份歲修停車約半個月，客戶備料提貨量增加。"
"1151011","11509","1725","元禎","化學工業","907066","853217","602415","6.311290093844825","50.57161591261838","7227787","6237505","15.876251802603765","主係本期持續受中東戰事影響，油價居高不下，使產品價格較去年同期大幅提高所致。"
"1151011","11509","1727","中華化","化學工業","252718","256624","180026","-1.5220712014464741","40.3786119782698","1902088","1485246","28.065519112658777","-"
"1151011","11509","1730","花仙子","化學工業","212867","196517","201623","8.319890900023916","5.576744716624591","1880999","1812381","3.786069264685516","-"
"1151011","11509","1731","美吾華","生技醫療業","142282","133240","129729","6.786250375262684","9.676325262662935","1277496","1169240","9.258663747391468","本月美吾髮及醫藥事業部營收雙雙成長，營收較去年同期成長近10%"
"1151011","11509","1733","五鼎","生技醫療業","139373","146355","181084","-4.770592053568378","-23.03406154050054","1418672","1505913","-5.793229754972565","-"
"1151011","11509","1734","杏輝","生技醫療業","254433","311002","328509","-18.189272094713218","-22.54915390445924","2545929","2493845","2.08850189165726","-"
"1151011","11509","1735","日勝化","化學工業","197956","216074","198378","-8.385090293140314","-0.2127252013832179","1891112","1743200","8.485084901330886","-"
"1151011","11509","1736","喬山","運動休閒","5555795","4840096","4743952","14.786876128076798","17.113221213030823","40034555","34957006","14.525125521333264","-"
"1151011","11509","1737","臺鹽","食品工業","273039","275018","265400","-0.7195892632482237","2.878296910324039","2383558","2491208","-4.321196784852971","-"
"1151011","11509","1752","南光","生技醫療業","162083","169159","189375","-4.1830467193587095","-14.41161716171617","1571289","1645022","-4.482189295948626","-"
"1151011","11509","1760","寶齡富錦","生技醫療業","137197","181232","135758","-24.29758541537918","1.0599743661515344","1522764","1517253","0.36322221804801175","-"
"1151011","11509","1773","勝一","化學工業","1299462","1384770","960896","-6.160445416928443","35.23440622086053","10672806","8521273","25.24896221491789","-"
"1151011","11509","1783","和康生","生技醫療業","88087","68526","65117","28.54536964072031","35.274966598584086","632257","586858","7.735942936792205","-"
"1151011","11509","1786","科妍","生技醫療業","61102","66363","60337","-7.927610264755963","1.267878747700416","619019","635232","-2.552295854113143","-"
"1151011","11509","1789","神隆","生技醫療業","309439","199285","177384","55.2746067190205","74.44583502457944","2032302","2155381","-5.7103129330730855","配合生產及客戶需求時程致本月營收增加"
"1151011","11509","1805","寶徠","建材營造","115","114","114","0.8771929824561403","0.8771929824561403","104381","97357","7.214684100783714","-"
"1151011","11509","1806","冠軍","玻璃陶瓷","239334","204823","263728","16.849181976633485","-9.24968149002002","2092393","2558470","-18.217020328555737","-"
"1151011","11509","1808","潤隆","建材營造","1221041","622899","1921","96.02551938596787","63462.779802186364","15405713","103606","14769.518174623092","營收變動主要係本年度完工建案已陸續過戶交屋認列房地出售收入所致。"
"1151011","11509","1809","中釉","玻璃陶瓷","228308","212015","215621","7.684833620262717","5.883935238218912","1843747","1860809","-0.9169130200896491","-"
"1151011","11509","1817","凱撒衛","玻璃陶瓷","243752","247067","210233","-1.3417413090376296","15.94373861382371","2027885","1946149","4.199883975995672","-"
"1151011","11509","1904","正隆","造紙工業","4178037","4342939","3568625","-3.7970139575987596","17.076941398998212","34883889","31612105","10.349782148325776","-"
"1151011","11509","1906","寶隆","造紙工業","340406","312709","253347","8.857116360578045","34.363540914240154","2572373","2306176","11.542787714380863","-"
"1151011","11509","1909","榮成","造紙工業","4790476","4596477","3823401","4.2206019958328955","25.293580244394978","37921926","32612889","16.27895339170964","-"
"1151011","11509","2006","東和鋼鐵","鋼鐵工業","5415592","5234484","4757657","3.459901682763764","13.828970856873458","45743342","44159162","3.5874322071600906","-"
"1151011","11509","2007","燁興","鋼鐵工業","452742","318860","402394","41.98770620334943","12.512114991774231","3493556","4312046","-18.981476542689943","-"
"1151011","11509","2008","高興昌","鋼鐵工業","143294","148996","161051","-3.8269483744530053","-11.025699933561418","1273105","1458064","-12.685245640794918","-"
"1151011","11509","2009","第一銅","鋼鐵工業","340342","338921","250209","0.4192717476934153","36.0230847011898","2716012","2197029","23.622036850674252","-"
"1151011","11509","2010","春源","鋼鐵工業","1987823","1990448","1989731","-0.13187985820277645","-0.09589235931892301","18938069","18239160","3.8319144083389807","-"
"1151011","11509","2013","中鋼構","鋼鐵工業","1478702","1785700","1695611","-17.19202553620429","-12.792379855992914","14665782","15696082","-6.564058470132865","-"
"1151011","11509","2014","中鴻","鋼鐵工業","1513789","1025159","1598999","47.663825806533424","-5.328958929930538","14111914","15237391","-7.38628417423954","-"
"1151011","11509","2015","豐興","鋼鐵工業","2103233","2306318","2196696","-8.805594024761547","-4.254707979620303","20873762","22456653","-7.048650571391916","-"
"1151011","11509","2020","美亞","鋼鐵工業","292736","272115","412223","7.578046046708193","-28.98600999944205","2897406","3735256","-22.430858821992388","-"
"1151011","11509","2023","燁輝","鋼鐵工業","5248814","4776556","5242566","9.88699807978803","0.11917828025436399","49437980","52616494","-6.040908008808037","-"
"1151011","11509","2025","千興","鋼鐵工業","159354","212580","60584","-25.0381033022862","163.02984286280207","1387493","580511","139.012352909764","本月及本年營收較去年同期增加，係因鎳價上漲帶動不銹鋼售價提高，另一因素為去年基期較低，造成增加數大幅成長。"
"1151011","11509","2027","大成鋼","鋼鐵工業","12396569","12385552","8787457","0.08895041577476724","41.071176792102655","104596280","77477415","35.00228421405128","-"
"1151011","11509","2028","威致","鋼鐵工業","673653","639576","618220","5.328061090472438","8.96654912490699","6720613","6322586","6.295319668249669","-"
"1151011","11509","2030","彰源","鋼鐵工業","1185913","1175065","973997","0.9231829728568207","21.75735654216594","9263779","7682856","20.57728271882227","-"
"1151011","11509","2031","新光鋼","鋼鐵工業","1803723","1448409","1315639","24.531330584109874","37.098626598937855","14428673","13465025","7.156674421324877","-"
"1151011","11509","2032","新鋼","鋼鐵工業","297358","268401","274557","10.788707940730474","8.304650764686386","2494960","2339983","6.622996833737681","-"
"1151011","11509","2033","佳大","鋼鐵工業","50232","51386","54299","-2.245747869069396","-7.490009024107258","498736","526649","-5.3001144975116254","-"
"1151011","11509","2034","允強","鋼鐵工業","1464676","1270580","993755","15.276173086307042","47.38803829917837","10382593","9914927","4.716787123092283","-"
"1151011","11509","2038","海光","鋼鐵工業","534060","481052","626534","11.019182957351804","-14.75961400339008","5607360","6815151","-17.722145848272476","-"
"1151011","11509","2049","上銀","電機機械","2720090","2708024","2090162","0.4455647365015967","30.137759656906976","21997456","17759602","23.8623252931006","-"
"1151011","11509","2059","川湖","電子零組件業","4464393","6466169","1507097","-30.957681433937157","196.22466238072266","33617584","12551587","167.83532632168345","新產品開始出貨，導致年對年營收增幅較大。"
"1151011","11509","2062","橋椿","居家生活","553754","615987","583069","-10.102972952351267","-5.02770684087132","5221073","4655316","12.152923668339593","-"
"1151011","11509","2069","運錩","鋼鐵工業","950171","886938","809715","7.129359662118435","17.346350259041763","7633130","7711720","-1.0190982037729586","-"
"1151011","11509","2072","世紀風電","綠能環保","1328203","1311094","805910","1.3049407593963513","64.80785695673214","13057293","7695904","69.66548699152172","本月營收較去年本月增加，主要係因本月承接工程案件依進度認列收入較高所致"
"1151011","11509","2101","南港","橡膠工業","2376965","1267668","641832","87.50690243817782","270.34068105049295","17905499","6695339","167.43229879771584","本公告係屬自結數，如與公告財報有所差異請以財報為準，另本月份營建收入18億/累積營建收入124億元。"
"1151011","11509","2102","泰豐","橡膠工業","20203","22681","23244","-10.925444204400158","-13.082946136637412","154800","200129","-22.64989082042083","-"
"1151011","11509","2103","台橡","橡膠工業","3728159","3446503","3028595","8.172225586340705","23.09863154366959","33028574","28111894","17.48967892380357","-"
"1151011","11509","2107","厚生","橡膠工業","118333","123329","104837","-4.0509531415968665","12.873317626410524","1112231","1007434","10.402368790412076","-"
"1151011","11509","2108","南帝","橡膠工業","1078273","1046282","831047","3.0575886806807344","29.748738639330867","9199053","7240874","27.04340663848038","-"
"1151011","11509","2109","華豐","橡膠工業","388486","354696","265901","9.52646773575118","46.10174463428118","3476243","3333212","4.291086195537518","-"
"1151011","11509","2114","鑫永銓","橡膠工業","153397","150454","140766","1.9560795990801174","8.973047468849012","1256525","1157516","8.553575069372691","-"
"1151011","11509","2115","六暉-KY","汽車工業","338753","319121","229275","6.151898496181699","47.749645622069565","2719454","2245950","21.082570849751775","-"
"1151011","11509","2204","中華","汽車工業","2812252","2255905","2699791","24.66180978365667","4.1655446662352755","26004361","23960066","8.532092524286035","-"
"1151011","11509","2211","長榮鋼","鋼鐵工業","1395574","1409894","1682835","-1.0156791929038638","-17.07006331577368","11931642","11509707","3.6659056568512125","-"
"1151011","11509","2227","裕日車","汽車工業","1344788","1060412","1213314","26.817501122205332","10.835941891381786","10350016","11733420","-11.7902879126461","-"
"1151011","11509","2231","為升","汽車工業","277543","222547","316268","24.71208329027127","-12.24436237621258","2233550","2608869","-14.386272365534644","-"
"1151011","11509","2233","宇隆","汽車工業","294503","284737","276577","3.4298317394648397","6.4813776995194825","2556762","2509020","1.9028146447616998","-"
"1151011","11509","2236","百達-KY","汽車工業","976181","1204475","734845","-18.95381805350879","32.84175574440869","9098593","6992876","30.112317163925116","-"
"1151011","11509","2237","華德動能-創","汽車工業","149573","292600","240622","-48.881408065618594","-37.83901721372111","2531216","1367607","85.08358029755624","本月銷售電動巴士15輛及維修收入"
"1151011","11509","2241","艾姆勒","汽車工業","78325","87163","71413","-10.139623464084531","9.678910002380519","717002","507515","41.2770065909382","-"
"1151011","11509","2243","宏旭-KY","汽車工業","246944","200401","151966","23.224934007315333","62.49950646855218","1526195","1105965","37.99668163097385","本月認列合約收入金額較去年同期增加"
"1151011","11509","2250","IKKA-KY","汽車工業","270062","258606","282881","4.429904951934604","-4.531587487317989","2387330","2543099","-6.125164612152338","-"
"1151011","11509","2254","巨鎧精密-創","汽車工業","2108","3924","28194","-46.279306829765545","-92.52323189331064","71824","426803","-83.17162719099913","本&#12105;營收較去年同期營收減少，係因客&#12094;訂單減少所致。"
"1151011","11509","2258","鴻華先進-創","汽車工業","1069446","913778","242450","17.03564760806235","341.0996081666323","4885756","3573211","36.73292733062783","本月乘用車及電動巴士較去年本月上升，乘用車及電動巴士陸續交車。"
"1151011","11509","2301","光寶科","電腦及週邊設備業","18848445","19592400","15430791","-3.7971611441171067","22.148274835684056","153558706","121730821","26.14611873849105","-"
"1151011","11509","2302","麗正","半導體業","118893","135083","85001","-11.985223899380381","39.87247208856366","876948","634457","38.22024187612399","-"
"1151011","11509","2303","聯電","半導體業","25350431","25044641","19927175","1.2209797696840614","27.215377995124747","204009681","175743654","16.083668659808335","-"
"1151011","11509","2305","全友","電腦及週邊設備業","196565","181219","62840","8.468206976089704","212.8023551877785","1188804","528211","125.06233304493848","受惠於AI及大數據發展,光電子設備需求強勁"
"1151011","11509","2313","華通","電子零組件業","8617380","7012064","7492143","22.893630177933346","15.018893793137691","62124650","54979500","12.996025791431352","-"
"1151011","11509","2314","台揚","通信網路業","63779","65083","195641","-2.003595408939354","-67.3999826212297","1035590","1007590","2.7789080876150023","因客戶需求減少，故營收減少"
"1151011","11509","2316","楠梓電","電子零組件業","495744","466413","391933","6.288632606724083","26.48692506117117","3626696","2618810","38.4864117671767","-"
"1151011","11509","2317","鴻海","其他電子業","1158633235","921766023","837067572","25.697108169499106","38.41573533086287","7669772510","5496964888","39.52740587343551","-"
"1151011","11509","2321","東訊","通信網路業","72404","60108","69430","20.45651161243096","4.283450957799222","568307","557685","1.9046594403650807","-"
"1151011","11509","2324","仁寶","電腦及週邊設備業","94434113","67337469","69719774","40.24006901714705","35.4481054399287","682375555","566660799","20.42046250670677","無"
"1151011","11509","2327","國巨*","電子零組件業","17068153","16332196","11680869","4.506172960451859","46.12057544691238","132153512","96961793","36.294418565465264","-"
"1151011","11509","2328","廣宇","電子零組件業","2440683","2165981","1817378","12.682567390942026","34.29693767614663","16285938","16841246","-3.297309474607758","-"
"1151011","11509","2329","華泰","半導體業","1585788","1768265","1742109","-10.319550519859863","-8.973089513916753","15481175","14529330","6.551196786087177","-"
"1151011","11509","2330","台積電","半導體業","511857399","514805337","330980920","-0.5726315925897248","54.64861207105231","3898726974","2762963851","41.106694993093484","因先進製程產品需求增加所致。"
"1151011","11509","2331","精英","電腦及週邊設備業","1307107","1529563","1920301","-14.543761845703642","-31.932181465301532","15143320","14560853","4.000225810946652","-"
"1151011","11509","2337","旺宏","半導體業","8367275","8145267","2902927","2.72560739875071","188.23580475843863","53830664","21150880","154.50791645548554","受市場需求增加影響。"
"1151011","11509","2340","台亞","半導體業","497387","474269","370444","4.8744488887108375","34.2677975618447","3529458","3263099","8.162761840814515","-"
"1151011","11509","2342","茂矽","半導體業","174775","180687","173792","-3.271956477223043","0.5656186705947339","1547160","1590112","-2.7011933750578576","-"
"1151011","11509","2344","華邦電","半導體業","28248909","27308717","7920210","3.4428274312557416","256.6686868151223","180427134","62781097","187.3908590670214","受市場供需影響。"
"1151011","11509","2345","智邦","通信網路業","40398562","40872511","24318092","-1.1595788670776797","66.12554142816796","286402145","176301922","62.44981435880206","客戶需求增加"
"1151011","11509","2347","聯強","電子通路業","90309378","74215271","34913313","21.68570805326575","158.6674544463884","564075406","284942754","97.96095815091336","本月營收較去年同期增加159%，主係受惠於AI建置熱潮帶動相關產品市場需求所致；另自結數前期調整列入累計營收"
"1151011","11509","2348","海悅","其他","1481390","1425372","754664","3.930061766331877","96.29795511644917","8100770","4419650","83.289853268924","本月及本年度增減百分比達50％以上，係因本期認列新知段、鳳鳴段、後壁田段及惠來厝段等建案營建收入"
"1151011","11509","2349","錸德","光電業","773288","539665","543459","43.29037458423281","42.29003475883185","5804213","5884205","-1.3594359815811992","-"
"1151011","11509","2351","順德","半導體業","1371923","1326062","871829","3.4584355784269514","57.361477996258444","10386832","7677537","35.28859580878607","客戶應用於AI領域之電源管理需求強勁，車用領域所需之導線架亦逐步復甦，客戶之拉貨動能提升。"
"1151011","11509","2352","佳世達","電腦及週邊設備業","19756591","18813300","18235474","5.013958210414972","8.34152706971039","161035393","155743262","3.3979839204857543","-"
"1151011","11509","2353","宏碁","電腦及週邊設備業","34737210","30180310","29530092","15.098917141672832","17.6332603366085","249548201","201268774","23.987539666734392","-"
"1151011","11509","2354","鴻準","其他電子業","14415056","21867114","12963200","-34.07883637502416","11.199827203159714","113326996","113573397","-0.2169530950984939","-"
"1151011","11509","2355","敬鵬","電子零組件業","1870544","1468680","1296444","27.3622572650271","44.28266859193301","13108910","11792912","11.15922852642333","-"
"1151011","11509","2356","英業達","電腦及週邊設備業","98635776","83267681","60560719","18.456254353955167","62.87088005015264","742261384","519897249","42.7707850787262","客戶需求增加，較去年同期成長。"
"1151011","11509","2357","華碩","電腦及週邊設備業","97243019","94955954","82594899","2.4085535489433343","17.734896679273135","742431940","535980845","38.518371864576615","-"
"1151011","11509","2359","所羅門","其他電子業","324793","275860","278339","17.73834553759153","16.68972008953111","3359009","3171263","5.9202279974886975","-"
"1151011","11509","2360","致茂","其他電子業","6859602","5632401","2238275","21.78823915413693","206.46824005093208","43315371","19730565","119.5343671101157","訂單能見度高，營運續強"
"1151011","11509","2362","藍天","電腦及週邊設備業","1928054","2015357","1730659","-4.331887601055297","11.405770865317777","17231479","15255864","12.949872914441293","-"
"1151011","11509","2363","矽統","半導體業","398377","512334","375882","-22.24271666530037","5.984590908849054","3526342","1999996","76.31745263490527","(1)季節性影響  ; (2)115/4起新增合併個體廈門凌陽華芯科技股份有限公司營收"
"1151011","11509","2364","倫飛","電腦及週邊設備業","177455","180244","139694","-1.547346929717494","27.031225392643922","1405127","1166902","20.415167683318735","-"
"1151011","11509","2365","昆盈","電腦及週邊設備業","103057","111154","74436","-7.284488187559602","38.45048095007792","813782","714508","13.894036175942047","-"
"1151011","11509","2367","燿華","電子零組件業","1479669","1459946","1429408","1.3509403772468296","3.5162109068929235","12579450","12537954","0.3309630901501154","-"
"1151011","11509","2368","金像電","電子零組件業","9319805","10383971","5994877","-10.248160361772968","55.462822673426","73378730","43401927","69.0679079756067","接單量增加"
"1151011","11509","2369","菱生","半導體業","591534","641933","477270","-7.851130881260194","23.941165378087874","5412746","4014948","34.81484691707091","-"
"1151011","11509","2374","佳能","光電業","1216484","1312982","1062291","-7.349529544197864","14.515137565883547","9480942","6569844","44.31000188132321","-"
"1151011","11509","2375","凱美","電子零組件業","691692","653794","509164","5.7966270721358715","35.84856745567244","4975962","4205355","18.32442207613864","-"
"1151011","11509","2376","技嘉","電腦及週邊設備業","63099342","47400848","27988237","33.118593152595075","125.4495058048851","403982432","247581343","63.1715973040828","AI訂單需求暢旺"
"1151011","11509","2377","微星","電腦及週邊設備業","19910016","17693552","19551665","12.526958973528888","1.8328413462485165","163115515","172589071","-5.489082214249824","-"
"1151011","11509","2379","瑞昱","半導體業","12377529","12459133","10034210","-0.6549733436507982","23.353298366288925","111707580","96427898","15.845706809869483","-"
"1151011","11509","2380","虹光","電腦及週邊設備業","240706","202355","309762","18.952336240764993","-22.293244490931748","2097180","2097859","-0.03236633157900507","-"
"1151011","11509","2382","廣達","電腦及週邊設備業","325299509","423970932","184108513","-23.27315755694308","76.68901002964485","2961358288","1485052023","99.41108069855139","產品組合變更"
"1151011","11509","2383","台光電","電子零組件業","21532230","20145589","8008332","6.8830998190224175","168.87284393304373","141226961","69333382","103.69258923500948","受惠於AI伺服器成長力道"
"1151011","11509","2385","群光","電子零組件業","6214354","6521222","8284209","-4.705682462581399","-24.985547805469416","65052042","72583888","-10.376746420638145","-"
"1151011","11509","2387","精元","電腦及週邊設備業","1521896","1430789","1748411","6.367605565880084","-12.955477859610813","12656889","14571266","-13.138027951723618","-"
"1151011","11509","2388","威盛","半導體業","939975","923499","1007630","1.7840842274869815","-6.71427011899209","8606746","6497920","32.453862158967794","-"
"1151011","11509","2390","云辰","其他電子業","60789","58016","51562","4.7797159404302265","17.89496140568636","501818","509637","-1.5342292651436218","-"
"1151011","11509","2393","億光","光電業","1924509","1862682","1622477","3.319246119305389","18.615487307370152","16157768","15014173","7.616769834742146","-"
"1151011","11509","2395","研華","電腦及週邊設備業","10748681","10419341","6208092","3.1608524953737476","73.13984715432697","78951792","52960953","49.07547452931974","客戶端積極下單，專案需求與出貨暢旺，帶動整體營收大幅成長。"
"1151011","11509","2397","友通","電腦及週邊設備業","1294877","1239331","964547","4.481934204825023","34.2471647312158","10557435","8013897","31.73909023287921","-"
"1151011","11509","2402","毅嘉","電子零組件業","1136758","1113296","987975","2.1074359379715726","15.05938915458387","9497989","8124144","16.910643139757248","-"
"1151011","11509","2405","輔信","電腦及週邊設備業","165684","153709","159549","7.790695404953516","3.8452136961058985","1386164","1285305","7.847086878211786","-"
"1151011","11509","2408","南亞科","半導體業","45091089","44690268","6664140","0.8968865436206379","576.622775031737","265284971","36492902","626.9495065095125","受市場需求成長影響。"
"1151011","11509","2409","友達","光電業","23403717","23101650","24445426","1.3075559537955082","-4.261365704978919","206797987","211246176","-2.1056897143548765","-"
"1151011","11509","2413","環科","電子零組件業","311727","330288","281783","-5.6196410405464325","10.626616935727137","2798979","2465722","13.515595026527727","-"
"1151011","11509","2414","精技","電子通路業","3196233","4556137","2497814","-29.84774162848922","27.961209281395654","31310882","21516848","45.51797735430394","-"
"1151011","11509","2415","錩新","電子零組件業","191797","230830","182565","-16.909847073603952","5.056829074576179","1881881","1741911","8.03542775721607","-"
"1151011","11509","2417","圓剛","電腦及週邊設備業","262551","253041","276719","3.7582842306187536","-5.119995374368945","2712397","2501404","8.434982913595725","-"
"1151011","11509","2419","仲琦","通信網路業","782989","2011067","781781","-61.06599133693706","0.15451897654202393","7578178","6343528","19.463144168355527","-"
"1151011","11509","2421","建準","電子零組件業","2048924","1974148","1758131","3.787760593430685","16.539893784934115","16580627","13759838","20.500161411784063","-"
"1151011","11509","2423","固緯","其他電子業","313942","299614","235046","4.782153036907488","33.56619555321086","2602849","2086150","24.76806557534214","-"
"1151011","11509","2425","承啟","電腦及週邊設備業","1971407","1982942","507342","-0.5817114166728024","288.57555652794366","14844705","6346893","133.8893219091609","1.主係為子公司營業收入增加。2.以上金額包含停業單位營業收入115年1-9月12,265,615仟元,114年1-9月4,006,187仟元"
"1151011","11509","2426","鼎元","光電業","252723","253312","179420","-0.23251958059626074","40.85553450005573","1998615","1821162","9.743943701878251","-"
"1151011","11509","2427","三商電","資訊服務業","239421","413399","331368","-42.08476556547065","-27.74770044180488","4181243","4006957","4.349584984316028","-"
"1151011","11509","2428","興勤","電子零組件業","1008842","942587","712386","7.029059386560604","41.614517971998325","7687954","5946481","29.28577422512575","-"
"1151011","11509","2429","銘旺科","光電業","30174","28303","37803","6.610606649471787","-20.180938020792002","293668","321227","-8.579291279998257","-"
"1151011","11509","2431","聯昌","電子零組件業","29796","15182","23454","96.25872744038993","27.040163724737784","178382","307037","-41.90211603161834","-"
"1151011","11509","2432","倚天酷碁-創","電腦及週邊設備業","675179","444398","339496","51.93115180536366","98.87686452859533","3855495","2318840","66.26826344206586","本月營收及本年累計營收較去年同期增加，主係電腦週邊產品挹注成長所致。"
"1151011","11509","2434","統懋","半導體業","4893","5351","4774","-8.559147822836852","2.4926686217008798","40554","34527","17.455904075071683","-"
"1151011","11509","2436","偉詮電","半導體業","413220","428927","312350","-3.661928486665563","32.29390107251481","3453144","2643331","30.636080006628","-"
"1151011","11509","2438","翔耀","光電業","60263","67354","24320","-10.527956765745166","147.79194078947367","557171","321061","73.54054213996717","因國軍服裝供售案營運實質改變，自115年起營收認列方式由代採購淨額利潤認列營收改為實質買賣銷售認列營收，因此較去年同期增加"
"1151011","11509","2439","美律","通信網路業","5192942","4117732","4990360","26.11170420998744","4.059466651704486","34367651","32197030","6.741680832051901","-"
"1151011","11509","2440","太空梭","電子零組件業","420120","392507","282658","7.035033770098368","48.63191560118589","3413011","2610611","30.73609970999126","-"
"1151011","11509","2441","超豐","半導體業","1956811","2043086","1401242","-4.222778678920026","39.64832627055141","16003969","12468256","28.357718994541017","-"
"1151011","11509","2442","新美齊","建材營造","27904","24583","59027","13.509335719806371","-52.726718281464414","3657758","805390","354.1598480239387","本年累計營收較去年同期增加，主係本期營建專案交屋認列收入增加所致。"
"1151011","11509","2444","兆勁","通信網路業","103102","126359","102241","-18.405495453430305","0.8421279134593754","744531","873468","-14.761502424816937","-"
"1151011","11509","2449","京元電子","半導體業","4071464","4080093","3271304","-0.2114902773049536","24.459970702814534","33475818","24967894","34.07545706498113","以上不含停業部門營收:115年9月0仟元暨114年9月0仟元;115年1~9月0仟元暨114年1~9月985,800仟元。"
"1151011","11509","2450","神腦","通信網路業","3477452","3163181","3058986","9.935283501007373","13.679892618011328","26571524","22791589","16.584780464407288","-"
"1151011","11509","2451","創見","半導體業","6035203","4837166","1545811","24.767332772950112","290.42308535778307","48511347","10321785","369.98990000276115","本月營收較去年同期增加主係市場價格上漲所致"
"1151011","11509","2453","凌群","資訊服務業","746362","622610","726654","19.876327074733783","2.7121573678807245","5336568","5031898","6.054772970358302","-"
"1151011","11509","2454","聯發科","半導體業","55399497","64183361","54330057","-13.685578104892326","1.9684131750496783","469390909","445777672","5.297088320744786","海外子公司之營收係以當月平均匯率換算之"
"1151011","11509","2455","全新","通信網路業","449063","470904","346803","-4.638100334675433","29.486480797455616","3266756","2420554","34.95902177765917","-"
"1151011","11509","2457","飛宏","電子零組件業","861621","767787","840910","12.221358267331956","2.4629270671058734","6829108","7444505","-8.266459623574704","-"
"1151011","11509","2458","義隆","半導體業","601864","740683","1133440","-18.742025940922094","-46.89935064935065","8650439","9466577","-8.621257715433995","-"
"1151011","11509","2459","敦吉","其他電子業","498858","451949","427541","10.379268457281684","16.680739391075942","4044746","3600785","12.329561470623768","-"
"1151011","11509","2460","建通","電子零組件業","481342","438204","243660","9.844273443419047","97.546581301814","3746305","2219394","68.79855492084776","係因端子產品訂單穩定回流及特殊新型銅材業務量持續增量。"
"1151011","11509","2461","光群雷","其他電子業","314446","426507","418925","-26.27412914676664","-24.939786357939965","3891974","3925273","-0.848323161217067","-"
"1151011","11509","2465","麗臺","電腦及週邊設備業","1063596","1180621","1426276","-9.91215639904762","-25.428458447032693","7389719","3530014","109.33965134415898","本月及本年累計營收較去年同期分別減少25.43%及增加109.34%，主係受惠於全球市場之人工智能應用相關產品需求所致。"
"1151011","11509","2467","志聖","電子零組件業","945153","865806","495753","9.164524154371765","90.64998093808812","8022519","4355260","84.20298673328344","係因客戶需求提升，以致115年9月單月營收成長率較去年同期增加90.65%；115年累計營收成長率較去年同期增加84.20%。"
"1151011","11509","2468","華經","資訊服務業","307689","198527","182318","54.98597168143376","68.76501497383693","1971670","2054226","-4.0188372652278765","本月有大型專案完成驗收，認列收入。"
"1151011","11509","2471","資通","資訊服務業","88266","85250","87317","3.53782991202346","1.0868444861825304","732697","684464","7.046827882839711","-"
"1151011","11509","2472","立隆電","電子零組件業","1338516","1310529","959427","2.1355498428497195","39.51202123767624","10601946","8407118","26.10678237179495","-"
"1151011","11509","2474","可成","其他電子業","1028108","1003130","1562212","2.490006280342528","-34.18895770868487","9542853","14295685","-33.246619521904684","-"
"1151011","11509","2476","鉅祥","電子零組件業","1033674","950786","672262","8.71783976625655","53.76058739003543","7689664","5432901","41.538820604314346","客戶需求上升，銷售量增加"
"1151011","11509","2477","美隆電","其他電子業","324342","351843","212080","-7.816270325116601","52.93379856657865","2062967","1888231","9.253952508988572","訂單成長"
"1151011","11509","2478","大毅","電子零組件業","590531","636565","454872","-7.231625992632331","29.823554758261665","5013361","4057468","23.5588549312034","-"
"1151011","11509","2480","敦陽科","資訊服務業","976591","774225","649101","26.13787981529917","50.45285710544276","7446907","6205496","20.005024578212605","本月營收較去年同期成長，主要受惠於客戶需求擴增，帶動出貨量顯著提升所致。"
"1151011","11509","2482","連宇","其他電子業","39378","46404","41752","-15.140936126196017","-5.685955163824487","357447","389124","-8.140592715946587","-"
"1151011","11509","2483","百容","電子零組件業","188796","188082","148307","0.3796216543847896","27.300801715360706","1624110","1325302","22.546408290336846","-"
"1151011","11509","2484","希華","電子零組件業","248147","227535","201548","9.058826114663677","23.12054696647945","1925602","1850761","4.043796038494436","-"
"1151011","11509","2485","兆赫","通信網路業","142700","249330","287636","-42.76661452693218","-50.38868569998192","2658546","1675294","58.69131030135606","本月營收較去年同期減少，主要係部分客戶出貨時程調整所致。"
"1151011","11509","2486","一詮","光電業","784787","777300","500404","0.9632059693811913","56.830680809905594","5984801","4500500","32.980802133096326","主要係散熱元件營收較去年同期增加205,040仟元，成長117%"
"1151011","11509","2488","漢平","其他電子業","412652","394408","348357","4.625666822173993","18.456640744982877","2727527","2147708","26.99710575180611","-"
"1151011","11509","2489","瑞軒","光電業","3445381","2725433","2600587","26.4159126274614","32.484742867667954","22041056","18544805","18.852994140407517","-"
"1151011","11509","2492","華新科","電子零組件業","4889022","4568665","3176158","7.012048377370633","53.92880329001265","34830121","27697371","25.752444157967194","主要受惠於中國大陸十一長假前出貨動能增強,及AI/資料中心及汽車電子等應用需求強勁,產品組合與定價持續優化。"
"1151011","11509","2493","揚博","電子零組件業","432163","402076","306215","7.482913678011122","41.13057818852767","3247871","2774575","17.05832424785778","-"
"1151011","11509","2495","普安","電腦及週邊設備業","138862","161558","120528","-14.048205597989577","15.211403159431834","1229228","833161","47.537870831688","-"
"1151011","11509","2496","卓越","其他","77929","80373","78440","-3.0408221666480038","-0.6514533401325854","646153","638462","1.2046135870263226","-"
"1151011","11509","2497","怡利電","汽車工業","483145","479526","341788","0.7547036031414355","41.358093321006","4072156","3338424","21.978394595773334","-"
"1151011","11509","2498","宏達電","通信網路業","338824","246093","302263","37.68128309216434","12.095757667991121","2030455","2119695","-4.210039651931056","-"
"1151011","11509","2501","國建","建材營造","1124723","1630282","2036474","-31.010524559554728","-44.771060175577986","19672560","15557136","26.453609456136398","-"
"1151011","11509","2504","國產","建材營造","1880943","1642633","1925014","14.507805456240073","-2.2893859473229807","15525108","16792486","-7.547292282988951","-"
"1151011","11509","2505","國揚","建材營造","4082501","772129","43723","428.7330225907847","9237.193239256227","5709311","2560341","122.99025793829806","本年度營建收入5,704,568仟元，租賃收入4,743仟元。"
"1151011","11509","2506","太設","建材營造","99393","92579","108517","7.360200477430086","-8.407899223163191","1089086","919902","18.39152431454655","-"
"1151011","11509","2509","全坤建","建材營造","27226","126240","20648","-78.43314321926489","31.857807051530415","1354605","194071","597.9945483869305","本年累計營收較去年同期增加,主要係完工認列全坤X101案售屋收入所致."
"1151011","11509","2511","太子","建材營造","1129018","1094091","773871","3.192330436864941","45.89227403533664","7553701","5971671","26.492249824211683","-"
"1151011","11509","2514","龍邦","其他","1615972","1623021","1988909","-0.4343135424618659","-18.750832742976176","15314381","16107728","-4.925256994654988","-"
"1151011","11509","2515","中工","建材營造","2160328","1752579","1741541","23.265655927635787","24.04692166305588","18423820","14675990","25.53715285987521","-"
"1151011","11509","2516","新建","建材營造","544759","712460","1000303","-23.53830390478062","-45.540601197837056","5643481","7413242","-23.87296947813116","-"
"1151011","11509","2520","冠德","建材營造","2157220","1795900","1842582","20.119160309594076","17.075929320920316","18940378","16196028","16.944586660383646","-"
"1151011","11509","2524","京城","建材營造","273170","112873","253041","142.01536239844782","7.954837358372754","2186570","3272407","-33.181599966018894","-"
"1151011","11509","2527","宏璟","建材營造","65111","122292","34399","-46.75776011513427","89.28166516468502","5127961","460522","1013.5105380416137","本年累計營收較去年同期高，主因今年有大型工案認列收入；本月營收較去年同期高主因係子公司依完工比例認列工程收入所致。"
"1151011","11509","2528","皇普","建材營造","97028","437945","1680843","-77.84470652707532","-94.2274204074979","3569237","10862640","-67.14208516530051","係115年9月認列皇普LaVie案72,567仟元、皇普雲鼎案24,121仟元及租賃收入340仟元所致。"
"1151011","11509","2530","華建","建材營造","20300","672","77108","2920.8333333333335","-73.67328941225294","230653","6198441","-96.27885463457666","本年度出售房地收入較去年度減少5,967,259仟元,本年度租金收入較去年度同期減少529仟元."
"1151011","11509","2534","宏盛","建材營造","101345","115095","54529","-11.946652765107086","85.85523299528691","856431","4386019","-80.47361399939216","本期成屋銷售較去年同期增加；累計至本期成屋銷售情形較去年同期減少"
"1151011","11509","2536","宏普","建材營造","14869","34549","119597","-56.96257489362934","-87.56741389834193","5055138","4211431","20.03373675123729","本期認列租金收入。"
"1151011","11509","2537","聯上發","建材營造","1059","523","97567","102.48565965583174","-98.91459202394252","1524022","597155","155.21380546089372","本月營收較去年減少，係去年同期認列台北市房地出售收入較高所致。"
"1151011","11509","2538","基泰","建材營造","25366","24588","25338","3.164145111436473","0.11050595942852633","228040","207616","9.837392108508014","-"
"1151011","11509","2539","櫻花建","建材營造","161774","442362","1829024","-63.42949891717643","-91.15517346956628","9682318","9912568","-2.322808781740514","無異常。本月有「櫻花市鎮之櫻」、「櫻花昕光之櫻」、「櫻花水美」建案陸續過戶中。"
"1151011","11509","2540","愛山林","建材營造","3261376","1518685","962902","114.74999753075852","238.7027963385682","9615769","9452105","1.7315084840889938","本月營收增加，主係建案完工交屋所致。"
"1151011","11509","2542","興富發","建材營造","6122516","3024332","3005262","102.44192767196193","103.72653033246353","47191814","14371986","228.35972704120363","本期較去年同期增加，係本期認列「青山440」、「福山案」、「復興北」、「VVS1」、「市政愛&#24742;」等新建案收入所致。"
"1151011","11509","2543","皇昌","建材營造","1612808","1601610","1215133","0.6991714587196634","32.726870227374285","12724676","8185824","55.44771057867845","新承攬工程進入施工期，致本期營收較去年同期增加。"
"1151011","11509","2545","皇翔","建材營造","787920","64320","96149","1125.0","719.4781016963254","5608787","5682692","-1.300527989199485","因本期成屋銷售情形較去年同期佳所致"
"1151011","11509","2546","根基","建材營造","2045591","1772783","2314059","15.388685473631009","-11.60160566346839","16927472","15698305","7.829934505667969","-"
"1151011","11509","2547","日勝生","建材營造","1108509","1066786","431096","3.911093696392716","157.1373893517917","7265545","4198032","73.07026244678458","本月及本年度增加，主係建案完工陸續交屋所致。"
"1151011","11509","2548","華固","建材營造","1363930","634969","1738161","114.80261241099959","-21.530284018569052","7780871","4863270","59.9925770109412","本公司截至09月累計營收較去年同期增加，係因本年度認列交屋金額較高所致。"
"1151011","11509","2597","潤弘","建材營造","2917024","3310182","3031631","-11.877232128021964","-3.780374326558872","25129317","22061709","13.90467075782751","-"
"1151011","11509","2603","長榮","航運業","49711309","48985697","30358522","1.4812731969497137","63.74746109181468","338448560","293375092","15.363767827979071","運價受市場供需影響，以致收入增加。"
"1151011","11509","2606","裕民","航運業","1798591","1732266","1431105","3.828799964901464","25.678479217108457","14200501","11344515","25.175038333503018","-"
"1151011","11509","2609","陽明","航運業","21699526","21611483","12769280","0.4073899047094547","69.93539181535685","148730583","126265473","17.79196597948831","整體運價上漲，致營收增加。"
"1151011","11509","2610","華航","航運業","20933415","21948463","15875322","-4.624688298219334","31.861356890902748","185919697","154929588","20.002705357997854","-"
"1151011","11509","2611","志信","航運業","76870","56119","50798","36.97678148220745","51.324855309264144","806229","495504","62.70887823307178","本期建案完工交屋，故營收增加。"
"1151011","11509","2612","中航","航運業","497107","512935","387807","-3.0857711016015674","28.184122514549763","4069983","3635334","11.956232907347715","-"
"1151011","11509","2613","中櫃","航運業","300945","301830","289821","-0.29321141039658083","3.838231184075688","2657625","2518687","5.516286858986448","-"
"1151011","11509","2614","東森","其他","440470","443995","452841","-0.7939278595479679","-2.731863943415018","3892862","4039415","-3.6280748573741493","-"
"1151011","11509","2615","萬海","航運業","21775374","19200015","11018408","13.41331764584559","97.6272252761016","136156344","106971577","27.282730439694276","運價較去年同期上漲"
"1151011","11509","2616","山隆","油電燃氣業","798150","785252","702485","1.6425300413115789","13.618084371908298","6748427","6082028","10.956855180541753","-"
"1151011","11509","2617","台航","航運業","446434","451246","372216","-1.0663806438173413","19.939497496077546","3722345","3124888","19.11930923604302","-"
"1151011","11509","2618","長榮航","航運業","20749259","22891065","15617260","-9.356515304115383","32.861071660457725","194379502","162686685","19.480891752143084","-"
"1151011","11509","2630","亞航","航運業","337773","287593","585423","17.44826890779678","-42.30274519450039","3068285","4102666","-25.212410661750187","-"
"1151011","11509","2633","台灣高鐵","航運業","4718392","4676641","4236093","0.892756146986694","11.38546769393401","41780743","40108105","4.170324177619461","-"
"1151011","11509","2634","漢翔","航運業","3197491","3083175","3425609","3.7077363432176247","-6.659195489035672","26260256","24493021","7.2152593998102565","-"
"1151011","11509","2637","慧洋-KY","航運業","2012020","2013191","1615679","-0.05816636374790072","24.53092476909089","15792526","11804928","33.77909632316267","-"
"1151011","11509","2642","宅配通","航運業","251353","253607","316145","-0.8887767293489534","-20.49439339543564","2358769","2896347","-18.560552309512637","-"
"1151011","11509","2645","長榮航太","航運業","1704235","1848088","1567324","-7.7838825856777385","8.73533487651564","15235760","13347476","14.147124145418955","-"
"1151011","11509","2701","萬企","觀光餐旅","20405","20308","24709","0.4776442781169982","-17.418754300052612","190507","191645","-0.5938062563594145","-"
"1151011","11509","2702","華園","觀光餐旅","129970","128638","104580","1.0354638598236914","24.278064639510422","1145135","1043077","9.784320812365722","-"
"1151011","11509","2704","國賓","觀光餐旅","151598","108707","111581","39.4556008352728","35.86363269732302","1075685","994904","8.11947685404823","-"
"1151011","11509","2705","六福","觀光餐旅","218615","213595","172793","2.3502422809522696","26.518435353283987","1655282","1613120","2.6136927196984727","-"
"1151011","11509","2706","第一店","觀光餐旅","29151","51939","29160","-43.87454513949056","-0.030864197530864196","287540","283109","1.565121560953555","-"
"1151011","11509","2707","晶華","觀光餐旅","571493","595195","523559","-3.982224313040264","9.155415149008995","5302273","5005272","5.933763439829044","-"
"1151011","11509","2712","遠雄來","觀光餐旅","57159","75798","45985","-24.590358584659224","24.29922800913341","459433","423319","8.531154991861928","-"
"1151011","11509","2722","夏都","觀光餐旅","49025","68163","34858","-28.076815867846193","40.64203339262149","468941","454828","3.1029312179549193","-"
"1151011","11509","2727","王品","觀光餐旅","2090458","2524314","1746013","-17.187085283368077","19.727516347243693","19533750","17274156","13.080778013119716","-"
"1151011","11509","2731","雄獅","觀光餐旅","2685543","2549556","2410822","5.333752229800012","11.39532491407495","24660502","22401220","10.085531055897848","-"
"1151011","11509","2753","八方雲集","觀光餐旅","781602","820433","721329","-4.732988556042968","8.35582653685073","7004521","6487544","7.9687629093536785","-"
"1151011","11509","2762","世界健身-KY","運動休閒","1000819","989659","967062","1.1276611438889557","3.4906758822081727","8741685","8105432","7.849711156666295","-"
"1151011","11509","2801","彰銀","金融保險業","4141864","4605752","3673434","-10.071927450718146","12.751828398169124","39363944","34479056","14.167696470576224","-"
"1151011","11509","2812","台中銀","金融保險業","1781456","1975427","1782068","-9.819193521198201","-0.03434212386957176","17361755","15128440","14.762361486048793","-"
"1151011","11509","2820","華票","金融保險業","250329","365936","264064","-31.592136329850028","-5.201390571982549","3169447","2254452","40.58613800604316","-"
"1151011","11509","2834","臺企銀","金融保險業","3229662","3427855","3032053","-5.781837329758697","6.517333305189586","28810728","27046735","6.522018276882589","-"
"1151011","11509","2836","高雄銀","金融保險業","381566","422855","434522","-9.764340021993355","-12.187184998688213","4058137","3737687","8.573484082535536","-"
"1151011","11509","2838","聯邦銀","金融保險業","1389499","2026561","1735136","-31.43561925843831","-19.9198794791878","16649846","14916989","11.61666741190196","-"
"1151011","11509","2845","遠東銀","金融保險業","1261060","1143908","1106047","10.2413830482871","14.015046376871869","10949715","9606875","13.977906447205777","-"
"1151011","11509","2849","安泰銀","金融保險業","545130","549509","512239","-0.7968932264985651","6.42102612257169","4974714","4218905","17.914814389041705","-"
"1151011","11509","2855","統一證","金融保險業","2928859","3758199","1373985","-22.067484984163958","113.1652820081733","25921217","8617960","200.7813566087566","今年單月營收及累計營收較去年同期增加，主因今年泛自營業務操作獲利優於去年同期所致。"
"1151011","11509","2889","國票金","金融保險業","1196319","1357195","965880","-11.853565626162784","23.85793266244254","11121493","6057766","83.59066692242652","本年度手續費及佣金淨收益、透過損益按公允價值衡量之金融資產及負債損益及其他淨收益較去年同期增加48.02億元。"
"1151011","11509","2890","永豐金","金融保險業","8442029","10051148","6501756","-16.009305603698206","29.842291836236242","83780768","55450801","51.09027550386513","本年累計營業收入較去年累計營業收入增加，係因利息收入、手續費收入及有價證券評價利益增加所致。"
"1151011","11509","2901","欣欣","貿易百貨","11877","11825","10756","0.4397463002114165","10.422089996281146","101357","97031","4.458368974863704","-"
"1151011","11509","2904","匯僑","其他","37472","35146","39008","6.618107323735276","-3.937653814602133","314111","375410","-16.328547454782772","-"
"1151011","11509","2908","特力","貿易百貨","3100682","2600736","2708660","19.22325064904704","14.47291280559391","26130811","25402158","2.8684688915012653","-"
"1151011","11509","2910","統領","貿易百貨","44551","47131","43683","-5.474104092847595","1.9870430144449787","414395","388614","6.634089353445836","-"
"1151011","11509","2915","潤泰全","貿易百貨","110846","157754","308090","-29.73490371084093","-64.02155214385407","1393971","1946555","-28.3877927929085","係因子公司114/9獲配股利1.57億而本期無及量販事業變更收入認列方式改採淨額法認列,致營收減少0.5億所致"
"1151011","11509","2939","永邑-KY","貿易百貨","29945","17618","27235","69.96821432625724","9.950431430145034","208304","221678","-6.033075000676657","-"
"1151011","11509","3002","歐格","電腦及週邊設備業","90448","87366","65474","3.5276881166586542","38.14338516052173","676511","534390","26.59499616385037","-"
"1151011","11509","3004","豐達科","鋼鐵工業","536984","526282","342559","2.0335105513773986","56.756646300345345","4147691","2913092","42.38105078727345","主要係客戶需求增加所致"
"1151011","11509","3005","神基","電腦及週邊設備業","3946673","3861015","3392367","2.2185357995242185","16.339800499179482","32251967","29134542","10.700099558798625","-"
"1151011","11509","3006","晶豪科","半導體業","7460769","7904796","1308368","-5.617184807805287","470.2347504677583","43363345","9768470","343.911329000345","本期營收較前期成長係因產品市場供需因素所致"
"1151011","11509","3008","大立光","光電業","5779179","5011942","6235248","15.308177947789499","-7.314368249667054","44859658","43929248","2.1179738838233697","-"
"1151011","11509","3011","今皓","電子零組件業","49254","40960","60276","20.2490234375","-18.285884929325103","398992","591404","-32.534781638270964","-"
"1151011","11509","3013","晟銘電","電腦及週邊設備業","1101274","939933","1023793","17.16515964435763","7.568033772452049","9003720","7487907","20.24348058810025","-"
"1151011","11509","3014","聯陽","半導體業","608067","630570","605026","-3.5686759598458537","0.5026230277707073","5450567","5440004","0.19417265134363873","-"
"1151011","11509","3015","全漢","電子零組件業","1016521","1084815","1227991","-6.2954512981476105","-17.22081025023799","9532970","10214866","-6.6755256505567475","-"
"1151011","11509","3016","嘉晶","半導體業","512783","506698","335779","1.2009125751433793","52.71443419630173","3869165","2826900","36.869539071067244","受惠於市場需求暢旺與產品售價調整，帶動接單情形及整體營收較去年同期成長。"
"1151011","11509","3017","奇鋐","電腦及週邊設備業","21018128","19481068","14503309","7.890019171433517","44.91953525916051","157248258","91864360","71.1743901552245","因客戶需求增加,使營收成長"
"1151011","11509","3019","亞光","光電業","2534552","2843905","2536671","-10.877754355367005","-0.08353467990133526","22083100","19469094","13.426438847128685","-"
"1151011","11509","3021","鴻名","電子零組件業","275252","277849","308371","-0.9346803479587834","-10.739985277474212","2286704","2412877","-5.229151755352635","-"
"1151011","11509","3022","威強電","電腦及週邊設備業","888083","799158","504961","11.127336521689077","75.87160196530029","6778513","4953745","36.836131048328085","係因客戶出貨需求增加所致。"
"1151011","11509","3023","信邦","電子零組件業","3348769","3280576","2668159","2.078689839833005","25.50859974986498","27183346","23588249","15.241050745224879","-"
"1151011","11509","3024","憶聲","光電業","104443","76399","67676","36.707286744590895","54.32797446657604","754943","1447029","-47.82806702560902","主係本期車用電子產品銷售增加所致。"
"1151011","11509","3025","星通","通信網路業","39836","30347","104437","31.26832965367252","-61.856430192364776","360847","349471","3.255205725224697","美洲出貨減少"
"1151011","11509","3026","禾伸堂","電子零組件業","1597836","1439761","1257041","10.979252806542197","27.11088978004695","12254170","10107065","21.24360533943336","-"
"1151011","11509","3027","盛達","通信網路業","127015","92370","143274","37.50676626610371","-11.348185993271633","1010328","1772452","-42.99828711863565","-"
"1151011","11509","3028","增你強","電子通路業","5995442","6732771","4082666","-10.951345293045017","46.851150694178756","57287053","30305353","89.03278572600689","主要係因記憶體產品及AI伺服器電源相關應用產品銷售額增加所致。"
"1151011","11509","3029","零壹","資訊服務業","2771860","3487591","1999287","-20.522217198060208","38.64242602487787","23620737","19355264","22.03779292289684","-"
"1151011","11509","3030","德律","其他電子業","868016","997357","563585","-12.968375416225083","54.01687411836724","8286749","6386035","29.7636013582763","本月營收較去年同期增加54%，主因伺服器、網通以及半導體產業需求增加"
"1151011","11509","3031","佰鴻","光電業","128313","118780","121037","8.02576191277993","6.011384948404207","1013024","833823","21.49149159953611","-"
"1151011","11509","3034","聯詠","半導體業","10347340","10327444","8278299","0.19265173454341655","24.993552419404036","82776517","77845935","6.3337693869307365","-"
"1151011","11509","3035","智原","半導體業","1418351","1183747","1358400","19.818761948287936","4.41335394581861","9566239","15185048","-37.002247210545534","-"
"1151011","11509","3036","文曄","電子通路業","215932962","198383815","134947817","8.846057829868833","60.01219345400749","1682249050","835862160","101.25914660378932","主要受惠於通訊、資料中心、工業及車用應用之年成長"
"1151011","11509","3037","欣興","電子零組件業","18650679","17745519","11326339","5.100780653414533","64.66643811385126","132986108","96549996","37.73807717195555","產能及客戶需求增加"
"1151011","11509","3038","全台","光電業","232542","244486","228899","-4.88535130845938","1.5915316362238368","2182210","2331978","-6.422359044553594","-"
"1151011","11509","3040","遠見","其他","14380","10245","11400","40.36115178135676","26.140350877192983","101059","95115","6.249277190769069","-"
"1151011","11509","3042","晶技","電子零組件業","1415241","1414665","1234935","0.04071635334160384","14.600444557810736","11233499","10024635","12.058932819000393","-"
"1151011","11509","3043","科風","其他電子業","76205","93047","54290","-18.1005298397584","40.366550009209796","720910","653877","10.251622246997524","-"
"1151011","11509","3044","健鼎","電子零組件業","10647986","10224358","6936796","4.143321272592372","53.500059681732026","76515848","54420679","40.60068600026104","主係因客戶訂單需求及出貨增加所致"
"1151011","11509","3046","建碁","電腦及週邊設備業","788907","877852","741616","-10.13211794243221","6.376750231925956","6909625","5558323","24.31132555628739","-"
"1151011","11509","3047","訊舟","通信網路業","263698","277420","228955","-4.946290822579482","15.174597628354917","2327473","2937793","-20.77477889013964","-"
"1151011","11509","3048","益登","電子通路業","15089037","13544810","10635146","11.400876055108931","41.87898313760808","115383890","84240079","36.970301274290115","-"
"1151011","11509","3049","精金","光電業","32270","30494","119053","5.824096543582344","-72.89442517198222","444594","1017424","-56.30199405557565","本期營收較去年同期減少72.89%，自115年1月31日後全面停產"
"1151011","11509","3050","鈺德","光電業","101281","100689","117133","0.5879490311752028","-13.533333902486916","883799","936641","-5.6416492551575255","-"
"1151011","11509","3051","力特","光電業","150266","160726","147122","-6.507970085735973","2.1370019439648726","1430525","1356093","5.48870910770869","-"
"1151011","11509","3052","夆典","建材營造","446218","224546","181807","98.72008408076742","145.4349942521465","2985389","2644422","12.893819518972387","主係本期工程收入較去年同期增加"
"1151011","11509","3054","立萬利","電子通路業","37416","37214","11894","0.5428064706830763","214.57877921641165","449278","101642","342.02003108951027","主係因本期產品結構改變致銷售金額增加。"
"1151011","11509","3055","蔚華科","電子通路業","25768","47561","60312","-45.821155989150775","-57.27550072953973","361533","370955","-2.539930719359491","本月單月相較去年同期減少，主係代理之實驗室設備銷售減少所致。"
"1151011","11509","3056","富華新","建材營造","99156","91772","72421","8.046027110665563","36.916087875063866","780164","3769082","-79.30095444991645","營收減少係因無建案交屋"
"1151011","11509","3057","喬鼎","電腦及週邊設備業","46487","55202","35404","-15.787471468425057","31.30437238730087","466609","417472","11.770130691399663","-"
"1151011","11509","3058","立德","電子零組件業","295241","297462","287400","-0.74664999226792","2.728253305497564","2529711","2368246","6.817915030786498","-"
"1151011","11509","3059","華晶科","光電業","898238","847393","895285","6.0001675727791","0.32983910151516","6919230","6511511","6.261511345062613","-"
"1151011","11509","3060","銘異","電腦及週邊設備業","398007","422613","224477","-5.822348105713738","77.30413360834295","3451968","2706129","27.56110296294079","係主要產品高階機種量產出貨致營收與去年同期比增加。"
"1151011","11509","3062","建漢","通信網路業","253400","341929","413824","-25.8910475566565","-38.766238787503866","2956228","3048792","-3.03608773573271","-"
"1151011","11509","3090","日電貿","電子零組件業","1852758","1912802","1411397","-3.139059871330122","31.27121568205119","15506956","11912439","30.174483999456367","-"
"1151011","11509","3092","鴻碩","電子零組件業","101681","112556","116691","-9.661857208856036","-12.86303142487424","1174762","1249972","-6.016934779339057","-"
"1151011","11509","3094","聯傑","半導體業","27260","20698","14440","31.70354623635134","88.78116343490305","180689","145466","24.213905654929675","營收較去年同期成長逾50%，主係訂單增加所致。"
"1151011","11509","3130","一零四","數位雲端","254559","258885","219966","-1.6710122255055333","15.726521371484685","2197326","2012322","9.193558486166728","-"
"1151011","11509","3135","凌航","半導體業","1843702","1827285","792873","0.8984367517929606","132.5343403041849","16900593","5143000","228.6135135135135","市場價格上漲及需求增加。"
"1151011","11509","3138","耀登","通信網路業","132952","140856","177027","-5.611404555006532","-24.897332045394204","1258271","1225416","2.681130326354479","-"
"1151011","11509","3149","正達","光電業","225121","194052","256112","16.010656937315773","-12.10056537764728","1777528","1628602","9.1444072891965","-"
"1151011","11509","3150","鈺寶-創","半導體業","26985","26012","23114","3.7405812701829926","16.747425802543912","254512","251475","1.2076747191569739","-"
"1151011","11509","3164","景岳","生技醫療業","45578","30302","31026","50.41251402547687","46.90259782118223","295934","300525","-1.5276599284585308","-"
"1151011","11509","3167","大量","電機機械","1304413","1219982","478978","6.920675878824442","172.33254972044645","8476738","3529065","140.1978427713856","主係因客戶需求量增加所致"
"1151011","11509","3168","眾福科","光電業","369485","381999","343411","-3.2759248060858797","7.592651371097606","3010016","2584845","16.448607169868986","-"
"1151011","11509","3189","景碩","半導體業","5181276","4809631","3586439","7.727100062354056","44.468538291045796","38140960","28539658","33.64196585677376","-"
"1151011","11509","3229","晟鈦","電子零組件業","141362","141220","95074","0.100552329698343","48.68628647159055","1183124","733978","61.19338726773827","本月因客戶需求增加，出貨量增加"
"1151011","11509","3231","緯創","電腦及週邊設備業","380806168","460065063","203436940","-17.227757848676287","87.1863428539576","2890836071","1465581803","97.24836000846553","主係客戶需求增加，較去年同期成長。"
"1151011","11509","3257","虹冠電","半導體業","60198","60112","100228","0.14306627628426935","-39.93893921858163","485035","814118","-40.4220272736876","-"
"1151011","11509","3266","昇陽","建材營造","149439","230382","193742","-35.13425528036044","-22.867008702294804","1581473","973971","62.3737257064122","因營建收入受政策、全部完工法及建案規模不同等影響，故營收波動較大。"
"1151011","11509","3296","勝德","電子零組件業","205545","201386","125704","2.065188245458969","63.51508305224973","1400597","1196516","17.05627003734175","本公司新專案產品陸續出貨及客戶需求上升, 帶動整體業績成長"
"1151011","11509","3305","昇貿","其他電子業","1428792","1387596","976414","2.968875666980879","46.33055240912154","12214929","7657350","59.519011146153694","原料價格上漲"
"1151011","11509","3311","閎暉","通信網路業","1211854","421603","221761","187.43960550565342","446.4684953621241","3052843","1814271","68.26830170354926","主係自115年8月底納入重要子公司FDK株式會社之營收"
"1151011","11509","3312","弘憶股","電子通路業","2116091","2257992","1684796","-6.2843889615197925","25.599241688607997","19194281","16111506","19.13399653638834","-"
"1151011","11509","3321","同泰","電子零組件業","199182","234038","211834","-14.893307924354165","-5.972601187722462","1826104","1620177","12.71015450780995","-"
"1151011","11509","3338","泰碩","電子零組件業","439565","462010","306575","-4.858119954113548","43.37927097773791","3195976","2797244","14.254459031818461","-"
"1151011","11509","3346","麗清","汽車工業","536877","778923","610649","-31.07444509919466","-12.080917188106424","5536367","6341470","-12.695841815856577","-"
"1151011","11509","3356","奇偶","光電業","126905","87797","87265","44.543663223116965","45.42485532573197","879552","743135","18.356960713733038","-"
"1151011","11509","3376","新日興","電子零組件業","850243","830265","823404","2.406219700938857","3.259517806568829","7475862","8395360","-10.952454689256923","-"
"1151011","11509","3380","明泰","通信網路業","2417119","2982462","2268204","-18.955580993152637","6.56532657556375","17622682","16054782","9.765937650227826","-"
"1151011","11509","3406","玉晶光","光電業","2671684","2719294","2657290","-1.7508220883802927","0.5416796811789455","19636191","17831342","10.121778831901716","-"
"1151011","11509","3413","京鼎","半導體業","2358998","2249019","2059377","4.890087633763876","14.549108783870073","18631309","15614386","19.32143217158843","-"
"1151011","11509","3416","融程電","電腦及週邊設備業","534569","405653","272871","31.77987097346747","95.90539119217506","3536171","2634248","34.23834809782526","出貨增加"
"1151011","11509","3419","譁裕","通信網路業","192491","169467","189051","13.586125912419527","1.819614812934076","1440433","1382164","4.2157804717819305","-"
"1151011","11509","3437","榮創","光電業","71309","70379","126359","1.3214168999275353","-43.566346678906925","960574","1224578","-21.5587737163333","-"
"1151011","11509","3443","創意","半導體業","7145236","5840094","3612747","22.34796220745762","97.77847715325761","44098869","21741329","102.83428395752624","主要為晶圓產品收入增加"
"1151011","11509","3447","展達","通信網路業","306360","291056","466971","5.2580946621955915","-34.394212916862074","2475594","2665489","-7.124208728679803","-"
"1151011","11509","3450","聯鈞","半導體業","1289341","1247981","645366","3.314153019957836","99.78446338976643","8819377","6462646","36.46696724530479","因客戶需求增加，致使營收增加。"
"1151011","11509","3494","誠研","電腦及週邊設備業","87673","101544","80400","-13.660088237611282","9.046019900497512","786272","725357","8.397933707126285","-"
"1151011","11509","3504","揚明光","光電業","237002","242727","228444","-2.3586168823410665","3.746213514034074","2169569","2001704","8.386105038507193","-"
"1151011","11509","3515","華擎","電腦及週邊設備業","6517771","3819304","5121166","70.65337035229456","27.271230809546108","40414168","34124996","18.429810218878853","“本年累計營業收入淨額”採年平均匯率計算,“本月營業收入淨額”採該月平均匯率計算,故累計營收淨額與各月營收淨額加總會有差異"
"1151011","11509","3518","柏騰","其他電子業","23398","22709","29933","3.0340393676515918","-21.832091671399457","183823","244005","-24.664248683428617","-"
"1151011","11509","3528","安馳","電子通路業","1318806","1204326","886889","9.505731836728593","48.700231934323234","10433714","6095713","71.16478416880847","AI伺服器應用帶動測試相關需求增加，週邊電源應用及工控需求上升。"
"1151011","11509","3530","晶相光","半導體業","171632","178015","179259","-3.5856528944190096","-4.254737558504734","1662415","1270713","30.825371267941698","-"
"1151011","11509","3533","嘉澤","電子零組件業","3356708","3198344","2890566","4.9514373688383735","16.1263226648345","28835221","24536677","17.518851472837987","-"
"1151011","11509","3535","晶彩科","光電業","147026","27767","85783","429.4990456297043","71.39293333177902","755846","214244","252.79681111256323","本公司以銷售機台為主，115年累計出售機台較去年同期增加，此為產業特性，尚屬正常。"
"1151011","11509","3543","州巧","光電業","272713","274723","249122","-0.7316460580293604","9.469657436918457","2501939","2453659","1.9676735846342137","-"
"1151011","11509","3545","敦泰","半導體業","900301","913037","1048966","-1.3949051352792932","-14.172527994234322","7952811","9150930","-13.09286597099967","-"
"1151011","11509","3550","聯穎","電子零組件業","421756","372842","303980","13.119230129652776","38.744654253569315","3425092","2622757","30.591282379572334","-"
"1151011","11509","3557","嘉威","居家生活","297996","261352","206136","14.020937279990205","44.56281290022121","3165165","3351734","-5.566342675164557","-"
"1151011","11509","3563","牧德","光電業","372810","361158","228436","3.2262887711195654","63.2010716349437","3004671","2529153","18.801472271547034","主係產品組合改變，致本期營收較去年同期成長。"
"1151011","11509","3576","聯合再生","光電業","260402","244757","284109","6.392054159840168","-8.344332632897936","2091242","2427523","-13.85284506058233","-"
"1151011","11509","3583","辛耘","半導體業","1040662","1068346","1012440","-2.5912953294157512","2.787523211252025","9197660","8556881","7.488464546836633","-"
"1151011","11509","3588","通嘉","半導體業","150114","156044","111442","-3.800210197123888","34.7014590549344","1291152","1014777","27.235047700135105","-"
"1151011","11509","3591","艾笛森","光電業","239163","271207","170161","-11.815329250351208","40.5510075751788","2051806","1755031","16.909957715846616","-"
"1151011","11509","3592","瑞鼎","半導體業","2251964","2213089","1782948","1.7565945156295115","26.30564660326605","18823557","17103208","10.05863344467307","-"
"1151011","11509","3596","智易","通信網路業","5064105","4731510","4667353","7.029362719301027","8.500578379222656","41308748","39973022","3.3415687210238945","-"
"1151011","11509","3605","宏致","電子零組件業","1181410","1097137","963172","7.681173818766481","22.65825833807461","9604612","8152407","17.813205351499256","-"
"1151011","11509","3607","谷崧","電子零組件業","290805","292945","245405","-0.7305125535510079","18.500030561724497","2257896","2170074","4.04695876730471","-"
"1151011","11509","3617","碩天","其他電子業","1298196","1255008","1146063","3.4412529641245313","13.274401145486767","10071324","9110709","10.543800707497079","-"
"1151011","11509","3622","洋華","光電業","110248","102989","170510","7.048325549330511","-35.34220866811331","1142283","1294620","-11.766927747138157","-"
"1151011","11509","3645","達邁","電子零組件業","161631","184726","201502","-12.502300704827691","-19.78690037816002","1731660","1814703","-4.5761207205807235","-"
"1151011","11509","3652","精聯","電腦及週邊設備業","259368","254750","223331","1.8127576054955838","16.136138735777838","2149698","1826261","17.71033822657331","-"
"1151011","11509","3653","健策","電子零組件業","3054167","3225888","1697056","-5.3232164290886725","79.96854552825599","22072958","15003209","47.12157912350618","因客戶端需求成長，致本月較去年同期增加百分比達50%以上。"
"1151011","11509","3665","貿聯-KY","其他電子業","9332402","8891805","6706222","4.955090670566888","39.160349895962284","71964925","51441554","39.89648329830782","-"
"1151011","11509","3669","圓展","通信網路業","196918","179620","201843","9.630330698140519","-2.4400152593847695","2009340","1877686","7.0115024556821535","-"
"1151011","11509","3673","TPK-KY","光電業","6590796","6364138","5156241","3.5614878244312114","27.821721288822612","56473816","48435103","16.596873965561713","-"
"1151011","11509","3679","新至陞","電子零組件業","461301","441444","413701","4.498192296191589","11.50589435365155","3404494","3442426","-1.1018973247355208","-"
"1151011","11509","3686","達能","半導體業","11542","9407","7140","22.69586478154566","61.65266106442577","73778","61828","19.32781264152164","本期營收與去年同期差異，主要係本期電子零組件材料交易的品項數量不同，同時整體交易的價格較去年同期上升所致。"
"1151011","11509","3694","海華","通信網路業","909598","1140464","1157178","-20.243164185805075","-21.395152690424464","8800593","8854097","-0.6042852252465722","-"
"1151011","11509","3706","神達","電腦及週邊設備業","18912799","13557215","10025456","39.50357060797516","88.6477682411653","118121853","75051207","57.38834553320375","營收增長主係受惠於超大規模雲端資料中心及雲端服務客戶需求持續強勁，以及智慧物聯及車載資通訊出貨成長。"
"1151011","11509","3708","上緯投控","綠能環保","177346","124554","66723","42.384829070122194","165.79440372884912","1023118","752966","35.87837963467142","循環經濟材料及先進材料需求增加"
"1151011","11509","3714","富采","光電業","2126893","2171584","1790320","-2.057990849076066","18.799600071495597","18255551","16975085","7.543208178339019","-"
"1151011","11509","3715","定穎投控","電子零組件業","3226476","2932061","1746919","10.04123038367892","84.69522628124143","21197896","14014269","51.25937713911443","係產品組合優化及受惠於漲價效應"
"1151011","11509","3717","聯嘉投控","汽車工業","597713","505042","517633","18.34916699997228","15.470420162547596","5148542","976732","427.11920977299815","聯嘉光電投控（公司代號：3717）於114年8月份起100%認列聯嘉光電（原公司代號：6288）的營收。"
"1151011","11509","4104","佳醫","生技醫療業","960230","944347","771062","1.681902944574399","24.53343570296552","7476871","6512517","14.80770031003374","一一五年六月因佳醫創照健康股份有限公司及其子公司成為合併個體，使本月營收增加77,001仟元及本年累計營收增加304,004仟元。"
"1151011","11509","4106","雃博","生技醫療業","227078","230905","198500","-1.6573915679608497","14.396977329974812","1935803","1779851","8.762081769766121","-"
"1151011","11509","4108","懷特","生技醫療業","11855","12674","17392","-6.46204828783336","-31.836476540938364","106849","101433","5.339485177407747","前三季累計營收較去年同期成長，業務持續推展中"
"1151011","11509","4119","旭富","生技醫療業","163394","148954","122806","9.69426802905595","33.05050241844861","1151808","988248","16.550501493552225","-"
"1151011","11509","4142","國光生","生技醫療業","309540","97916","162800","216.1281098084072","90.13513513513513","864744","656039","31.81289526994584","月營收較去年同期增加主因為國內流感疫苗提前出貨所致。"
"1151011","11509","4148","全宇生技-KY","生技醫療業","367351","368353","348929","-0.2720216748607993","5.27958409877081","2606448","2117514","23.0900008217183","-"
"1151011","11509","4155","訊映","生技醫療業","217013","197289","135645","9.997516333906097","59.98599284898079","1389854","1219744","13.946369074166382","本月營收較去年同期增加，係因北非客戶銷售成長所致。"
"1151011","11509","4169","泰宗","生技醫療業","62381","62177","63703","0.32809559805072613","-2.075255482473353","540309","510503","5.838555307216608","-"
"1151011","11509","4178","永笙-KY","生技醫療業","30711","31968","23953","-3.932057057057057","28.213584937168623","279543","272163","2.7116103217557126","-"
"1151011","11509","4306","炎洲","塑膠工業","1203965","1215020","1169802","-0.9098615660647561","2.9204087529342573","10929473","9523672","14.761123650625516","-"
"1151011","11509","4438","廣越","紡織纖維","2572534","2650528","2494350","-2.942583515435415","3.134443843085373","15371979","14823831","3.697748577948575","-"
"1151011","11509","4439","冠星-KY","紡織纖維","859031","801385","623166","7.193296605252157","37.84946547147951","6618967","5624334","17.684458284305308","-"
"1151011","11509","4440","宜新實業","紡織纖維","87184","51367","106788","69.72764615414566","-18.357867925235045","727129","751060","-3.1862967006630627","-"
"1151011","11509","4441","振大環球","紡織纖維","649660","802332","818863","-19.02853182971638","-20.66316343515338","6232294","5683627","9.653465999792035","-"
"1151011","11509","4532","瑞智","電機機械","1455416","1495749","1195200","-2.6965085719596003","21.771753681392237","16984431","16024433","5.990839114245103","-"
"1151011","11509","4536","拓凱","運動休閒","825338","868176","762289","-4.934252962532943","8.271010076230931","7587551","7333835","3.4595269732684195","-"
"1151011","11509","4540","全球傳動","電機機械","324165","315648","231165","2.698258819951338","40.23100382843423","2564304","1788790","43.354110879421285","-"
"1151011","11509","4545","銘鈺","電子零組件業","266801","278477","236047","-4.192805869066386","13.028761221282203","1880692","1828617","2.847780590468097","-"
"1151011","11509","4552","力達-KY","電機機械","226720","253410","274569","-10.532338897438933","-17.42694914575207","2363941","2607823","-9.3519383792535","-"
"1151011","11509","4555","氣立","電機機械","181850","167298","135530","8.698251025116857","34.176934995941856","1428979","1203409","18.744250707780978","-"
"1151011","11509","4557","永新-KY","汽車工業","331787","329916","273046","0.5671140532741668","21.513224877859408","2667006","3059699","-12.834367040679492","-"
"1151011","11509","4560","強信-KY","電機機械","175228","173870","144157","0.7810433082187841","21.553583939732373","1478490","1259834","17.355937369526462","-"
"1151011","11509","4562","穎漢","電機機械","73820","64580","64859","14.307835243109322","13.816124207897131","516984","580202","-10.89586040723748","-"
"1151011","11509","4564","元翎","電機機械","59026","59103","80246","-0.13028103480364786","-26.44368566657528","593627","831367","-28.59627577231235","-"
"1151011","11509","4566","時碩工業","電機機械","667193","595992","461540","11.94663686760896","44.558001473328424","4640118","3759798","23.41402383851473","-"
"1151011","11509","4569","六方科-KY","汽車工業","169140","146683","157573","15.309885944519815","7.340724616526943","1476653","1380680","6.951140017962164","-"
"1151011","11509","4571","鈞興-KY","電機機械","336312","288890","263551","16.415244556751706","27.607939260332916","2449536","2334360","4.933943350640004","-"
"1151011","11509","4572","駐龍","電機機械","55365","83629","47396","-33.796888639108445","16.81365516077306","573538","507219","13.07502282051737","-"
"1151011","11509","4576","大銀微系統","電機機械","427201","426932","244537","0.0630076920914806","74.69789847753101","3097628","1959080","58.1164628294914","本月營收及本年累計營收較去年同期增加，主係客戶需求較去年同期增加。"
"1151011","11509","4582","聚恆-創","綠能環保","83937","177778","289250","-52.78549651812935","-70.98115816767502","1333609","821767","62.285538358196426","主係因採用完工比例法認列進度時點差異所致。"
"1151011","11509","4583","台灣精銳","電機機械","282941","261171","223579","8.33553495602498","26.550794126460893","2616703","2236022","17.024921937261798","-"
"1151011","11509","4585","達明","其他電子業","204494","152564","177844","34.03817414331035","14.985043071455882","1495166","1346741","11.021050075701266","-"
"1151011","11509","4588","玖鼎電力","其他電子業","101158","105082","101534","-3.734226603985459","-0.37031930190872026","783445","620272","26.306684809244977","-"
"1151011","11509","4590","富田-創","電機機械","146340","135802","182189","7.759826806674423","-19.676819127389688","941099","1008349","-6.669317865143913","-"
"1151011","11509","4720","德淵","化學工業","391985","357499","294796","9.646460549539999","32.9682220925657","3091140","2656387","16.366327647289346","-"
"1151011","11509","4722","國精化","化學工業","380841","410463","290361","-7.216728426191886","31.161209666587453","3161951","2858860","10.60181331020057","-"
"1151011","11509","4736","泰博","生技醫療業","398406","397209","372059","0.30135268838319373","7.081403755855926","3294276","3175844","3.7291504242651716","-"
"1151011","11509","4737","華廣","生技醫療業","179998","149989","148936","20.00746721426238","20.85593812107214","1307600","1411625","-7.369166740458692","-"
"1151011","11509","4739","康普","化學工業","1095680","872233","685004","25.617810837241883","59.95235064320792","8454478","4264505","98.25227077937534","本月營收及累計營收較去年同期增加，主係動力電池材料銷售增加。"
"1151011","11509","4746","台耀","生技醫療業","489554","460577","417754","6.2914561517401","17.18714841748972","3513433","3547171","-0.9511241493573329","-"
"1151011","11509","4755","三福化","化學工業","480000","444823","413026","7.908089284951543","16.21544406405408","3703750","3586153","3.279196397922788","-"
"1151011","11509","4763","材料*-KY","化學工業","1024559","1039878","785314","-1.4731535814778272","30.464884110050246","8677507","10461457","-17.05259601984695","-"
"1151011","11509","4764","雙鍵","化學工業","227052","267871","252066","-15.238305005021074","-9.923591440337054","2544900","2064244","23.28484423353053","-"
"1151011","11509","4766","南寶","化學工業","2307853","2220723","1980415","3.923496987242443","16.53380730806422","19344774","17270158","12.012721597567317","-"
"1151011","11509","4770","上品","化學工業","579281","492005","342732","17.738844117437832","69.01865014063466","3960979","3675232","7.7749377454266835","較去年同期增加，主係本期對銷貨客戶之設備出貨增加所致"
"1151011","11509","4771","望隼","生技醫療業","394530","436901","315898","-9.698078054296053","24.891578927375292","3372795","2536498","32.970536542902856","-"
"1151011","11509","4906","正文","通信網路業","1643417","1652106","1327718","-0.5259347765821322","23.77756421167748","11560305","12911334","-10.463899392580194","-"
"1151011","11509","4912","聯德控股-KY","電子零組件業","845044","657064","568315","28.609085264144742","48.6928903864934","5846210","4393047","33.078703687895896","-"
"1151011","11509","4915","致伸","電子零組件業","6247351","6126615","5432592","1.9706803838661315","14.997610716946902","51361418","45238950","13.533620917373193","-"
"1151011","11509","4916","事欣科","電腦及週邊設備業","596528","553276","350257","7.817436505469241","70.3115141167771","4104716","2517850","63.02464404154338","受惠於國防、航太及通訊客戶需求強勁，低軌道衛星產品持續拉貨，本月營收變動達50%以上。"
"1151011","11509","4919","新唐","半導體業","2763950","2525998","2640893","9.420118305715206","4.659673830026434","23785554","23452171","1.4215442996727254","-"
"1151011","11509","4927","泰鼎-KY","電子零組件業","1536042","1378879","888766","11.397881902617996","72.82861855651544","9802351","8936413","9.689995303484743","9月份自結數"
"1151011","11509","4934","太極","光電業","18251","23966","13566","-23.84628223316365","34.534866578210234","150156","63602","136.0869155058017","受惠於子公司營收挹注，累計營收較去年同期成長。"
"1151011","11509","4935","茂林-KY","光電業","544596","400352","440857","36.02929422108544","23.53121306909043","3401323","4238288","-19.74771417138241","-"
"1151011","11509","4938","和碩","電腦及週邊設備業","214752761","88304931","114915947","143.19452896690447","86.87811970952995","907626109","797632389","13.790026773850077","主係客戶出貨規劃"
"1151011","11509","4942","嘉彰","光電業","388918","410137","537478","-5.173637101748928","-27.640201087300316","3953620","4411895","-10.387259896257731","-"
"1151011","11509","4949","有成精密","光電業","393608","309939","203638","26.9953119807446","93.2880896492796","2812019","1781227","57.86977179214104","主要係本期太陽能模組銷售量較去年同期增加所致。"
"1151011","11509","4952","凌通","半導體業","220339","225075","152748","-2.1041874930578697","44.25000654673056","2115194","1669971","26.66052284740274","-"
"1151011","11509","4956","光鋐","光電業","100170","106246","122200","-5.718803531427065","-18.027823240589196","1050119","1028052","2.14648675358834","-"
"1151011","11509","4958","臻鼎-KY","電子零組件業","26357777","20666117","19362393","27.54102282494578","36.12871611479015","153783283","125651517","22.388719747808537","-"
"1151011","11509","4960","誠美材","光電業","612697","605302","720161","1.2217042071560973","-14.922218781633552","5731623","6391052","-10.318003984320578","-"
"1151011","11509","4961","天鈺","半導體業","2175317","2109978","1385979","3.0966673586170095","56.951656554680845","16139680","14008997","15.209390079817991","本月營收較去年同期增加主係顯示器驅動IC出貨量增加所致"
"1151011","11509","4967","十銓","半導體業","4081130","3513003","1946275","16.17211827032314","109.68927823663151","26772275","14079501","90.15073758650963","記憶體市場價格上漲所致"
"1151011","11509","4968","立積","半導體業","330155","322369","330167","2.4152446420096223","-0.003634524346769968","2880078","2809730","2.5037281162246905","-"
"1151011","11509","4976","佳凌","光電業","93720","99629","81515","-5.931004024932499","14.972704410231247","818942","786872","4.075631106456958","-"
"1151011","11509","4989","榮科","電子零組件業","386208","408656","246583","-5.493128695039348","56.623935956655565","3184255","1863608","70.86506389755786","本月營收較去年同期增加，主係銅價上漲及售價增加"
"1151011","11509","4994","傳奇","資訊服務業","70455","85757","83783","-17.84344135172639","-15.907761717770908","848215","894349","-5.158388951069437","-"
"1151011","11509","4999","鑫禾","電子零組件業","92141","107462","179468","-14.257132753903706","-48.658813827534715","1168770","1440467","-18.86173025831206","-"
"1151011","11509","5203","訊連","資訊服務業","179220","167998","213239","6.679841426683651","-15.95346067089041","1635028","1806363","-9.485081348544009","-"
"1151011","11509","5222","全訊","半導體業","26771","69507","88672","-61.48445480311336","-69.80895885961746","568348","691425","-17.80048450663485","客戶訂單交期安排所致"
"1151011","11509","5225","東科-KY","其他電子業","1191396","1183105","1308754","0.7007831088533985","-8.967155019201469","8495326","8853695","-4.047677269207941","-"
"1151011","11509","5234","達興材料","光電業","481526","453005","402827","6.295956998267127","19.536674552599504","3864935","3443387","12.242248692929374","-"
"1151011","11509","5236","凌陽創新","半導體業","141777","176977","204733","-19.88959017273431","-30.75029428572824","1667025","1535870","8.539459719898169","-"
"1151011","11509","5243","乙盛-KY","光電業","1491869","1373168","1015663","8.644317374130479","46.88622111861907","10500102","9185910","14.306606531089463","-"
"1151011","11509","5244","弘凱","光電業","99004","92502","81015","7.02903721000627","22.204530025303956","658132","612656","7.422762529053824","-"
"1151011","11509","5258","虹堡","電腦及週邊設備業","939917","624428","820457","50.52448000409975","14.560178047112768","6396415","5578774","14.656284696243297","-"
"1151011","11509","5269","祥碩","半導體業","994941","882349","1421833","12.760483663493696","-30.024060490929667","8881048","9894249","-10.240302220006793","-"
"1151011","11509","5284","jpp-KY","其他","386225","362392","334128","6.576580056954899","15.591928841641527","3554212","2625209","35.387772935412","-"
"1151011","11509","5285","界霖","半導體業","568886","549909","467960","3.4509346091807918","21.56722796820241","4705373","4087099","15.12745348228658","-"
"1151011","11509","5288","豐祥-KY","電機機械","753069","810855","470209","-7.12655160293764","60.156228400562306","6885927","5000312","37.709946899313486","主係北美休閒車輛客戶新產品出貨所致"
"1151011","11509","5292","華懋","綠能環保","245285","237861","242660","3.121150587948424","1.0817604879254925","2037968","2118548","-3.8035484681017375","本公司完工百分比法係以投入成本為完工進度基礎，各期依工程安排時間不同而產生差異"
"1151011","11509","5388","中磊","通信網路業","6807286","7044125","4616997","-3.3622202899579436","47.43968861145026","59093688","38316510","54.22513167300467","電信客戶需求增溫"
"1151011","11509","5469","瀚宇博","電子零組件業","7125411","6543125","5229698","8.899203362307766","36.248995639901196","52797145","41848549","26.162426802420317","-"
"1151011","11509","5471","松翰","半導體業","272347","272168","204381","0.06576820199288674","33.254558887567825","2568406","1987443","29.231681109848182","-"
"1151011","11509","5484","慧友","光電業","37784","48419","45220","-21.96451806109172","-16.44405130473242","584519","329308","77.499180098874","係因有接到代工訂單"
"1151011","11509","5515","建國","建材營造","682737","638006","690576","7.011062591887851","-1.1351393619239591","6038028","5041511","19.76623674926029","-"
"1151011","11509","5519","隆大","建材營造","88858","114356","375809","-22.29703732204694","-76.35554231005644","1444303","4456678","-67.59238607770182","今年同期及累計較去年減少係僅餘屋過戶認列;今年交屋數量較去年同期減少所致。"
"1151011","11509","5522","遠雄","建材營造","4995266","3244058","1378111","53.982018817172815","262.471963434005","20323380","9652712","110.54580308622074","本月及截至本月累計營收較去年同期增加，主要係交屋量較去年同期完工可交屋成屋量增加所致"
"1151011","11509","5525","順天","建材營造","305130","554750","30316","-44.996845425867505","906.4982187623697","5204086","348262","1394.3019910297419","本月及本年累計營收較去年同期增加，主係因今年母公司ONE 33及緮華完工交屋收入所致"
"1151011","11509","5531","鄉林","建材營造","69087","74564","469991","-7.345367737782308","-85.30035681534328","529650","903674","-41.3892620568922","建設業之銷售進度及狀況深受景氣榮枯及市場現狀影響，且建築個案之完工時間並非固定時點，故月營收的表現上會有較大之波動。"
"1151011","11509","5533","皇鼎","建材營造","61693","155966","82086","-60.44458407601657","-24.843456862315133","982911","928708","5.836387755893133","-"
"1151011","11509","5534","長虹","建材營造","453297","623750","914924","-27.327134268537073","-50.455229068206755","4305758","3221094","33.67377667339109","本月營收較去年同期減少，主要係因本月過戶交屋數額較去年同期減少所致。"
"1151011","11509","5538","東明-KY","鋼鐵工業","1398559","1275862","1090121","9.616792411718508","28.29392333511601","10841838","9380978","15.572576761186307","-"
"1151011","11509","5607","遠雄港","航運業","496839","486055","366584","2.2186789560852165","35.53210178294743","4081452","2997909","36.143291874436486","-"
"1151011","11509","5608","四維航","航運業","357938","371487","257564","-3.647233954351027","38.970508300849495","2713481","2326526","16.63230928861315","-"
"1151011","11509","5876","上海商銀","金融保險業","4382814","4547978","3959293","-3.631591885448874","10.69688451953417","41681297","40540180","2.81478029944613","-"
"1151011","11509","5906","台南-KY","貿易百貨","102301","123471","94594","-17.145726526876757","8.147451212550479","1185704","1196845","-0.9308640634334437","-"
"1151011","11509","6024","群益期","金融保險業","251712","220011","302256","14.40882501329479","-16.72224868985231","2005394","2315526","-13.393587461337079","-"
"1151011","11509","6108","競國","電子零組件業","479188","599097","360050","-20.014955841875356","33.08929315372865","4142041","3151767","31.419644916645172","-"
"1151011","11509","6112","邁達特","資訊服務業","2068875","2129820","1935878","-2.8615094233315492","6.870112682720709","18990587","16234438","16.977175310903895","-"
"1151011","11509","6115","鎰勝","電子零組件業","740971","732630","646980","1.1385010168843754","14.527651550279762","6229961","5562288","12.003567596643684","-"
"1151011","11509","6116","彩晶","光電業","756359","934086","998035","-19.02683478823149","-24.21518283426934","8647744","8664431","-0.19259198901809016","-"
"1151011","11509","6120","達運","光電業","1335484","1337803","1411108","-0.1733439078847932","-5.359192917905646","12430311","13051880","-4.76229478052204","-"
"1151011","11509","6128","上福","電腦及週邊設備業","464036","364657","464489","27.252733390556056","-0.09752652915354293","3885710","3954298","-1.7345177323509762","-"
"1151011","11509","6136","富爾特","通信網路業","81603","65600","67078","24.39481707317073","21.653895464981066","544039","458472","18.663517074107034","-"
"1151011","11509","6139","亞翔","其他電子業","10696772","11018647","10094434","-2.9211844249116976","5.967030940021005","78601089","51658189","52.15610636292341","主要係工程進入施工高峰期，致本年營收較去年同期大幅增加。"
"1151011","11509","6142","友勁","通信網路業","148352","222688","161968","-33.38123293576663","-8.406598834337647","1458661","1426955","2.221934118455032","-"
"1151011","11509","6152","百一","通信網路業","191540","312169","108340","-38.64220982865051","76.79527413697619","1762224","1115749","57.94089889392686","客戶需求增加"
"1151011","11509","6153","嘉聯益","電子零組件業","538835","568307","534597","-5.185929436026655","0.7927466858212822","4403639","4204161","4.7447754736319565","-"
"1151011","11509","6155","鈞寶","電子零組件業","82761","75032","60989","10.300938266339696","35.69824066634967","596091","475617","25.33004497316118","-"
"1151011","11509","6164","華興","光電業","70547","55352","47949","27.451582598641423","47.12924148574527","590077","575642","2.507634953669121","-"
"1151011","11509","6165","浪凡","數位雲端","306706","286160","297529","7.179899357003075","3.08440521764265","2589727","2410695","7.426572005168634","-"
"1151011","11509","6166","凌華","電腦及週邊設備業","1529826","1528587","1016467","0.08105524906335067","50.50424657170375","12388205","8684837","42.64176748510076","客戶需求持續增溫，專案訂單及產品出貨增加，帶動本月營收較去年同期明顯成長。"
"1151011","11509","6168","宏齊","光電業","206938","221377","184463","-6.522357787846072","12.184015222564959","1713145","1562617","9.633070675667806","-"
"1151011","11509","6176","瑞儀","光電業","3709925","3816244","3986340","-2.785959178710795","-6.934054797132206","34411389","37153779","-7.381187254195596","-"
"1151011","11509","6177","達麗","建材營造","897353","1109448","256750","-19.117164571931266","249.504576436222","11418340","2747809","315.5434384267611","本期及累計營收皆較去年同期上升，主係本期「後壁田段三」完工過戶所致。"
"1151011","11509","6183","關貿","資訊服務業","282289","226822","251704","24.45397712743914","12.151177573657947","2215185","1956978","13.194169786272507","-"
"1151011","11509","6184","大豐電","其他","178369","175750","185772","1.4901849217638692","-3.984992356221605","1626976","1617945","0.5581771939095581","-"
"1151011","11509","6189","豐藝","電子通路業","2555801","2484787","2401759","2.857951204670662","6.413715947353586","22784934","22594924","0.8409410892464166","-"
"1151011","11509","6191","精成科","電子零組件業","4246062","3801319","3119205","11.699702129708136","36.126416827364665","31260159","24393164","28.151309112667796","-"
"1151011","11509","6192","巨路","其他電子業","702726","638643","539363","10.034244484007496","30.288136190283723","6107824","5341299","14.350909769327648","-"
"1151011","11509","6196","帆宣","其他電子業","7174334","7219605","3806119","-0.6270564663856264","88.49473702740245","57420631","36923976","55.51042227955082","115年9月單月及累計合併營收較去年同期增加，主要係銷貨收入及工程收入增加所致。"
"1151011","11509","6197","佳必琪","電子零組件業","907112","842399","719314","7.681989176150494","26.107930611666117","7120809","5743495","23.980416105524597","-"
"1151011","11509","6201","亞弘電","其他電子業","435035","346475","272675","25.56028573490151","59.54341248739342","2616541","2587284","1.1307997112029449","訂單增加"
"1151011","11509","6202","盛群","半導體業","340435","361687","242883","-5.875798687815708","40.164194282844","2876289","2375121","21.100735499370348","-"
"1151011","11509","6205","詮欣","電子零組件業","141722","120067","123728","18.035763365454287","14.543191516875728","1058787","1076228","-1.6205673890662573","-"
"1151011","11509","6206","飛捷","電腦及週邊設備業","592080","583281","455570","1.508535337170249","29.964659657132824","5135677","3948535","30.065378678421236","-"
"1151011","11509","6209","今國光","光電業","668759","556720","368315","20.124838338841787","81.57256696034645","4164039","2429518","71.39362622544883","客戶需求增加。"
"1151011","11509","6213","聯茂","電子零組件業","5824212","5044034","2763756","15.467342210619517","110.7353905337519","36290498","24181597","50.07486064712765","受惠於漲價效應和AI相關需求成長"
"1151011","11509","6214","精誠","資訊服務業","8372102","5900133","5377385","41.896835206935165","55.69095387442037","46384555","32597234","42.29598437707936","9月同期營收增29.9億，主係認列政府機關大型專案收入。"
"1151011","11509","6215","和椿","其他電子業","327566","407379","254186","-19.591829721217835","28.868623763700597","2788405","1794488","55.3872190842179","自動化零組件及設備 需求增加"
"1151011","11509","6216","居易","通信網路業","35792","50799","65107","-29.541920116537728","-45.02588047368179","434836","606331","-28.28405606838509","-"
"1151011","11509","6224","聚鼎","電子零組件業","278205","319050","239165","-12.802068641278796","16.323458700060627","2391493","2170777","10.167603581574708","-"
"1151011","11509","6225","天瀚","光電業","4122","3234","9254","27.458256029684602","-55.45709963259131","36866","32158","14.640213943653212","主係去年同期有專案完成驗收並認列收入，基期較高"
"1151011","11509","6230","尼得科超眾","電腦及週邊設備業","785870","759277","759832","3.502410846107547","3.4268101369776476","7011750","6608204","6.106742467393561","-"
"1151011","11509","6235","華孚","電腦及週邊設備業","529636","538434","659994","-1.6339978530330552","-19.751391679318296","4834826","4843801","-0.18528837167340276","-"
"1151011","11509","6239","力成","半導體業","8506551","8557545","6699982","-0.5958952012522283","26.963788857940216","69764228","53522285","30.346131522598483","-"
"1151011","11509","6243","迅杰","半導體業","32565","31782","52963","2.4636586747215405","-38.51367936106338","264583","506947","-47.80854803362087","-"
"1151011","11509","6257","矽格","半導體業","2088797","2068935","1654245","0.9600108268263624","26.26890212755668","17346391","14317535","21.15487058351874","-"
"1151011","11509","6269","台郡","電子零組件業","2099160","1997131","2157341","5.108778542819675","-2.696884729859582","16988535","16763695","1.3412317511145364","-"
"1151011","11509","6271","同欣電","半導體業","1188100","1173962","973067","1.2042979244643353","22.098478316498248","9464532","8725492","8.469894878134093","-"
"1151011","11509","6272","驊陞","電子零組件業","296899","298226","375541","-0.44496455708087157","-20.940989133010778","2471912","3061912","-19.26900577155712","-"
"1151011","11509","6277","宏正","電腦及週邊設備業","513360","474000","433441","8.30379746835443","18.438264954169078","4099318","3538707","15.842255377458489","-"
"1151011","11509","6278","台表科","光電業","5162030","4628384","4452405","11.529855776875904","15.93801552194825","40243995","37790010","6.4937400122413305","-"
"1151011","11509","6281","全國電","電子通路業","1493624","1696566","1356071","-11.961927800038431","10.143495436448386","14794428","14679560","0.7825030178016235","-"
"1151011","11509","6282","康舒","電子零組件業","3833227","3708827","3101560","3.3541602237041523","23.590290047588955","28901388","22557617","28.12252287109937","-"
"1151011","11509","6283","淳安","其他電子業","102256","99632","236288","2.633691986510358","-56.723997833152765","1178134","1419511","-17.004235965765677","因終端需求轉弱與景氣循環影響，致使本公司本月營業收入較去年下降56.72%"
"1151011","11509","6285","啟碁","通信網路業","16079399","15703833","9801672","2.391556252540383","64.04751148579548","117290511","83235287","40.914406890913945","客戶需求增加"
"1151011","11509","6405","悅城","光電業","152","11","55","1281.8181818181818","176.36363636363637","411","697","-41.03299856527977","係本月出貨增加所致"
"1151011","11509","6409","旭隼","其他電子業","1872919","1778833","1746005","5.289198030394084","7.268822254231804","15424727","15883447","-2.88803809399811","-"
"1151011","11509","6412","群電","電子零組件業","2413451","2469056","3054108","-2.252075287073278","-20.976894071853387","23641068","26608921","-11.153601455692247","-"
"1151011","11509","6414","樺漢","電腦及週邊設備業","17755196","15486280","12215922","14.651136360701214","45.344706686896004","134935382","102776263","31.290414791594436","-"
"1151011","11509","6415","矽力*-KY","半導體業","2511123","2416636","1666265","3.909856511282626","50.70369959160158","18140758","13420530","35.171695901726686","部份終端產品的需求增加，且本公司在產品佈局上更加完整，故營收較去年同期增幅較大。"
"1151011","11509","6416","瑞祺電通","通信網路業","707131","548128","444315","29.008370307665363","59.150827678561384","4097464","3136716","30.6291038143077","因應上半年部分區域訂單物料遞延，公司於階段性齊料後迅速優化生產排程並加速出貨，帶動9月營收顯著成長。"
"1151011","11509","6426","統新","通信網路業","64512","73340","42175","-12.03708753749659","52.96265560165975","578192","347369","66.44893470632094","市場需求漸回溫"
"1151011","11509","6438","迅得","其他電子業","695372","611320","531460","13.749263887980108","30.84183193467053","5513220","4852485","13.616425398532916","-"
"1151011","11509","6442","光聖","通信網路業","2061154","1628177","1044893","26.59274759439545","97.25981511982566","11305335","7527529","50.186535315905125","市場需求增加"
"1151011","11509","6443","元晶","光電業","96562","66546","186260","45.10564121059117","-48.15741436701385","904467","1452394","-37.725782397889276","-"
"1151011","11509","6446","藥華藥","生技醫療業","2635360","2617220","1317839","0.6931018408846027","99.97586958649728","19736673","10753539","83.53653620449974","本月及本年累計營收較去年成長，主要來自認列美國子公司PharmaEssentia USA Corp.之營收。"
"1151011","11509","6449","鈺邦","電子零組件業","507848","463542","404485","9.558141441336492","25.554223271567547","3975531","3204982","24.04222551015887","-"
"1151011","11509","6456","GIS-KY","光電業","6163991","4210995","4711353","46.37849249405426","30.83271408446788","41035681","50368778","-18.52952835186909","-"
"1151011","11509","6464","台數科","其他","343455","343929","374503","-0.13781914290449482","-8.290454282075176","3177069","3280179","-3.1434260142510517","-"
"1151011","11509","6472","保瑞","生技醫療業","2325228","2184612","1720749","6.436657859610769","35.128830526706686","16304016","14897181","9.443632322115171","停業單位營收累計為4,936千元"
"1151011","11509","6477","安集","光電業","59060","74252","111475","-20.460054948014868","-47.019511101143756","646534","652899","-0.9748827919785449","-"
"1151011","11509","6491","晶碩","生技醫療業","750976","750382","622478","0.07915968133563972","20.64297854703299","6247121","5108998","22.27683393103697","-"
"1151011","11509","6504","南六","其他","605135","538854","580667","12.300363363731178","4.213774848579306","4991942","4906015","1.7514622356433889","-"
"1151011","11509","6515","穎崴","半導體業","1250373","1705663","666094","-26.692846124937926","87.71719907400457","11060037","5623525","96.6744524119658","受惠於全球AI及HPC客戶需求強勁，高階測試座Coaxial Socket及 MEMS 探針卡持續拉貨，本月營收變動達50%以上。"
"1151011","11509","6525","捷敏-KY","半導體業","595452","609229","457945","-2.2613828297733694","30.02696830405398","4827266","3991402","20.941613999291476","-"
"1151011","11509","6526","達發","半導體業","2313230","2339350","1826528","-1.1165494688695579","26.646292857267998","18685520","16375321","14.107808940050703","-"
"1151011","11509","6531","愛普*","半導體業","1188724","1030931","625142","15.305874010966786","90.15263732080071","7788215","3780899","105.98844348923365","因市場需求相對增加所致"
"1151011","11509","6533","晶心科","半導體業","192943","114014","214636","69.22746329398144","-10.106878622411898","1319862","1017301","29.741541588969245","-"
"1151011","11509","6534","正瀚-創","生技醫療業","118289","39892","106072","196.52311240348942","11.517648389772985","1549348","1490807","3.926799377786662","-"
"1151011","11509","6550","北極星藥業-KY","生技醫療業","6304","4496","13182","40.213523131672595","-52.17721134880898","51491","34755","48.15422241404114","子公司CDMO代工收入及自有產品收入，隨出貨及服務完成認列收入。"
"1151011","11509","6552","易華電","半導體業","64826","83012","100128","-21.9076759986508","-35.25687120485778","813870","1143003","-28.795462479101104","-"
"1151011","11509","6558","興能高","其他電子業","59221","117600","82633","-49.64200680272109","-28.33250638364818","758153","828244","-8.462602807868214","-"
"1151011","11509","6579","研揚","電腦及週邊設備業","974398","984940","814281","-1.0703190042033017","19.663605069994265","8100819","6365753","27.256257036677358","自115年5月起新增合併子公司AAEON Technology 株式&#20250;社。"
"1151011","11509","6581","鋼聯","綠能環保","145623","374152","115463","-61.07918706835724","26.120921853754016","1892141","1628410","16.195614126663433","-"
"1151011","11509","6582","申豐","橡膠工業","38873","47032","36960","-17.34776322503827","5.175865800865801","389143","695795","-44.07217643127645","本月增減百分比及本年增減百分比未達50％，不擬說明。"
"1151011","11509","6585","鼎基","其他","242734","281348","215916","-13.724639947680453","12.420570962781822","2475799","2119033","16.836264465914404","-"
"1151011","11509","6589","台康生技","生技醫療業","117344","163669","81966","-28.30407713128326","43.16179879462216","1113558","641534","73.57739418331687","本年營收較去年同期增加主係CDMO業務成長及自有產品之授權金逐步認列所致。"
"1151011","11509","6591","動力-KY","電腦及週邊設備業","116167","82234","157451","41.263954082253086","-26.22022089411944","822817","1370569","-39.965299083811175","-"
"1151011","11509","6592","和潤企業","其他","1868774","1872507","1942010","-0.19935840026232213","-3.7711443298438216","17206768","17939839","-4.086274129884889","-"
"1151011","11509","6598","ABC-KY","生技醫療業","77224","60941","44471","26.719285866657916","73.65024397922241","611890","358704","70.58354520719033","本年度累積營收增長，主係市場開發成果與客戶需求提升，致使出貨增加。"
"1151011","11509","6605","帝寶","汽車工業","1688158","1782033","1620383","-5.267859798331457","4.182653113492304","14840283","14379079","3.20746551291637","-"
"1151011","11509","6606","建德工業","電機機械","80956","94969","73652","-14.755341216607524","9.91690653342747","751262","599929","25.225151642944414","-"
"1151011","11509","6614","資拓宏宇","數位雲端","475829","425782","648785","11.754137093630074","-26.65844617246083","3817877","3248090","17.542217118368026","-"
"1151011","11509","6641","基士德-KY","綠能環保","215402","161138","150093","33.675483126264446","43.512355672816184","1488272","1277930","16.459586988332696","-"
"1151011","11509","6645","金萬林-創","生技醫療業","83648","69639","41113","20.116601329714673","103.45876000291878","494815","372257","32.92295376581233","本月增減百分比達50％以上，主係多體學資料庫建置服務收入。"
"1151011","11509","6655","科定","其他","288802","287879","227097","0.3206208163846616","27.171208778627634","2391176","1870910","27.808178907590424","-"
"1151011","11509","6657","華安","生技醫療業","434","803","772","-45.952677459526775","-43.78238341968912","5094","4859","4.836386087672361","-"
"1151011","11509","6658","聯策","其他電子業","196624","207618","186487","-5.295301948771301","5.43576764063983","1927182","1580817","21.910505770117602","-"
"1151011","11509","6668","中揚光","光電業","99771","97342","101522","2.495325758665324","-1.724749315419318","890237","804177","10.701624144933268","-"
"1151011","11509","6669","緯穎","電腦及週邊設備業","172620352","144311808","86316601","19.616235422675878","99.98511294484359","989278016","658222829","50.29530615079897","主要係客戶需求強勁"
"1151011","11509","6670","復盛應用","運動休閒","2354647","2676459","2157343","-12.023797114022669","9.145694495497471","23940136","20946226","14.293314700223323","-"
"1151011","11509","6672","騰輝電子-KY","電子零組件業","1020897","805877","338399","26.681491096035746","201.68440214066825","5351803","3157981","69.46913233486839","產品組合優化及漲價效應"
"1151011","11509","6674","鋐寶科技","通信網路業","27582","19922","72661","38.44995482381287","-62.040159094975294","313782","473894","-33.78645857512439","本月因部分供應商品質因素及客戶需求下降影響，出貨遞延"
"1151011","11509","6689","伊雲谷","數位雲端","1131911","1187205","1066288","-4.657493861632995","6.154341041069579","9774475","9399705","3.987040018809101","-"
"1151011","11509","6691","洋基工程","其他電子業","4595111","5287292","2144452","-13.091408607657758","114.27903259200951","32757540","15377229","113.02628711583863","本月營收較去年同期增加114.28%，主要係因本月正在投入進行的專案較去年同期增加所致。"
"1151011","11509","6695","芯鼎","半導體業","93274","85386","91115","9.238048392008057","2.3695330077374748","787445","843640","-6.661016547342468","-"
"1151011","11509","6698","旭暉應材","其他電子業","71285","68519","124073","4.03683649790569","-42.54592054677488","536270","804570","-33.34700523260872","-"
"1151011","11509","6706","惠特","光電業","87862","77628","37927","13.183387437522544","131.66082210562396","569213","778316","-26.86608010114144","公司轉型尚處客戶驗證及導入階段，未大量出貨，致本年累計營收低於去年同期；惟隨部分產品逐步出貨，本月營收較去年同月成長。"
"1151011","11509","6715","嘉基","電子零組件業","147649","164842","104758","-10.429987503184869","40.94293514576452","1392037","1233545","12.848497622705292","-"
"1151011","11509","6719","力智","半導體業","302427","353609","405007","-14.47417910743222","-25.32795729456528","3060885","3391734","-9.754568017421178","-"
"1151011","11509","6722","輝創","其他電子業","394859","396269","428236","-0.35581890079718576","-7.7940668229667756","3582920","3822042","-6.256393833453426","-"
"1151011","11509","6742","澤米","光電業","31243","31645","35615","-1.270342866171591","-12.275726519724834","274545","436954","-37.168443360170635","-"
"1151011","11509","6743","安普新","其他電子業","688293","717916","555964","-4.126248753336045","23.80172097473937","4636105","4139583","11.994493165132816","-"
"1151011","11509","6753","龍德造船","航運業","381105","509671","456139","-25.225292394505477","-16.449810255207293","4259043","3544805","20.148865734504437","-"
"1151011","11509","6754","匯僑設計","居家生活","360077","332065","310547","8.435697830244079","15.949276599033318","2398971","2731582","-12.176496989656544","-"
"1151011","11509","6756","威鋒電子","半導體業","211190","189130","127053","11.663934859620367","66.22197035882664","1525665","1141731","33.627360560412214","本期出貨量增加。"
"1151011","11509","6757","台灣虎航","航運業","1738546","1787712","1276926","-2.7502192746930154","36.15088110039266","15621201","12587342","24.10245943901421","-"
"1151011","11509","6768","志強-KY","運動休閒","1840381","1199166","1659902","53.47174619694021","10.872870808035655","15277424","15424539","-0.9537724271694603","-"
"1151011","11509","6770","力積電","半導體業","7665064","7008845","3952076","9.36272666894474","93.95031876917346","52205438","34234871","52.4919956613828","主係客戶需求上升，銷售量增加，銷售價格調漲。"
"1151011","11509","6776","展碁國際","電子通路業","3368141","3246279","2478002","3.7538979243620156","35.92164170973228","28971794","21243408","36.38016084801459","-"
"1151011","11509","6781","AES-KY","電子零組件業","1760420","1750881","1403072","0.5448114406404547","25.468970943757697","14572311","11539900","26.277619390116033","-"
"1151011","11509","6782","視陽","生技醫療業","495173","489730","431075","1.1114287464521266","14.869338282201474","3946375","3149558","25.29932771519051","-"
"1151011","11509","6789","采鈺","半導體業","877415","918686","743381","-4.492394572247754","18.030323616019242","7501322","6649364","12.812623884028607","無"
"1151011","11509","6792","詠業","通信網路業","125551","130904","110434","-4.089256248854122","13.688719053914555","1107962","1024917","8.102607333081606","-"
"1151011","11509","6794","向榮生技","生技醫療業","2504","1540","1363","62.5974025974026","83.71239911958914","17342","23748","-26.974903149738925","本期營業收入較去年同期增加，主係勞務收入增加所致。"
"1151011","11509","6796","晉弘","生技醫療業","67591","61075","55735","10.668849774866967","21.272091145599713","524083","441057","18.824324293685397","-"
"1151011","11509","6799","來頡","半導體業","91072","83650","78570","8.872683801554095","15.911925671375844","767221","729501","5.170657750983207","-"
"1151011","11509","6805","富世達","電子零組件業","1613339","1528275","1220614","5.566013969998855","32.17438109017265","12425242","8437779","47.25725810073954","-"
"1151011","11509","6807","峰源-KY","居家生活","495146","340849","401641","45.26843264906161","23.280740761027882","2936882","3197376","-8.147118136872235","-"
"1151011","11509","6830","汎銓","其他電子業","264589","254051","193543","4.1479860343001995","36.70812170938758","1973272","1586453","24.382632198999907","-"
"1151011","11509","6831","邁科","電腦及週邊設備業","420771","512355","336305","-17.87510612758732","25.115891824385603","3387464","2762684","22.614964288351473","-"
"1151011","11509","6834","天二科技","電子零組件業","272427","255202","117224","6.7495552542691675","132.39865556541324","1774103","1100242","61.246616653427154","主係市場終端需求增加"
"1151011","11509","6838","台新藥","生技醫療業","0","0","911","","-100.0","48448","6269","672.8186313606636","本月未認列收入"
"1151011","11509","6854","錼創科技-KY創","半導體業","75789","58834","140572","28.818370330081244","-46.08528014113764","478402","864023","-44.630872094840065","-"
"1151011","11509","6861","睿生光電","生技醫療業","299881","283520","190877","5.770668735891648","57.106932736788615","2422275","1642421","47.48197934634299","客戶需求增加及產品組合變化"
"1151011","11509","6862","三集瑞-KY","電子零組件業","217779","173128","181279","25.790744420313295","20.134709480965803","1494631","1762422","-15.194488039754383","-"
"1151011","11509","6863","永道-KY","通信網路業","597273","440322","313172","35.644596454412905","90.71724164356966","4285999","2889158","48.34768468875707","本月較去年同期成長90.72%，係去年同期收入受對等關稅影響。"
"1151011","11509","6885","全福生技","生技醫療業","1232","1103","398","11.695376246600182","209.54773869346732","9963","2905","242.960413080895","諮詢服務收入、含子公司營業收入"
"1151011","11509","6901","鑽石投資","其他","341457","1376","-39741","24715.18895348837","959.2058579300974","2545239","-1089714","333.5694503328396","營業收入為股利收入及投資標的之評價損益(含已實現及未實現)，投資標的股數及公允價值變動情形，請參考本公司網站投資人專區。"
"1151011","11509","6902","GOGOLOOK","數位雲端","113873","111984","96609","1.6868481211601658","17.86997070666294","948427","747564","26.869003857863675","-"
"1151011","11509","6906","現觀科","數位雲端","31558","26312","34510","19.937671024627548","-8.554042306577804","231265","229268","0.8710330268506725","-"
"1151011","11509","6908","宏碁遊戲-創","電子通路業","496628","357210","441464","39.0297024159458","12.495696138303463","3614380","3722563","-2.9061428913358887","-"
"1151011","11509","6909","創控","半導體業","94668","60579","37725","56.27197543703264","150.9423459244533","389012","336186","15.713325361555805","依客戶需求出貨認列收入。"
"1151011","11509","6914","阜爾運通","其他","542860","533329","563873","1.7870770200007875","-3.7265483539733237","4518461","4222063","7.020217367670734","-"
"1151011","11509","6916","華凌","光電業","252271","243089","172622","3.7772173977432133","46.14070049008817","1890293","1519986","24.362527023275213","-"
"1151011","11509","6918","愛派司","生技醫療業","79515","76593","70106","3.8149700364263053","13.42110518357915","704462","620978","13.443954536231557","-"
"1151011","11509","6919","康霈*","生技醫療業","0","0","0","","","3568","25627","-86.07718421976821","本公司新藥仍在研發階段，目前營收來源為健康食品銷售，僅於出貨予代理商之月份認列營收，因並非每月固定出貨致使營收變動。"
"1151011","11509","6921","嘉雨思-創","半導體業","17477","12215","18326","43.07818256242325","-4.6327621957874054","85756","150295","-42.941548288366214","-"
"1151011","11509","6924","榮惠-KY創","電子零組件業","292262","242632","121009","20.454845197665602","141.52087861233463","1707046","1266695","34.7637750208219","客戶需求增加，故營收上升"
"1151011","11509","6931","青松健康","生技醫療業","110904","112065","100026","-1.0360058894391648","10.875172455161659","965735","824924","17.0695724697063","-"
"1151011","11509","6934","心誠鎂","生技醫療業","34764","41","3767","84690.24390243902","822.8563843907618","54666","17754","207.90807705305846","差異主係本公司完成與新藥廠客戶簽約所依約完成事項而取得的勞務報酬所致；勞務報酬非定期，依照合約進行並認列。"
"1151011","11509","6936","永鴻生技","生技醫療業","116404","113809","125096","2.280136017362423","-6.948263733452708","1119859","1043437","7.324064605721285","-"
"1151011","11509","6937","天虹","半導體業","390167","265278","302311","47.0785364787129","29.061463195186413","2163776","1522989","42.074302572113126","-"
"1151011","11509","6944","兆聯實業","綠能環保","2631453","1985567","1947418","32.529045859444686","35.12522735231984","16203355","11557270","40.200540439048325","-"
"1151011","11509","6947","台鎔科技","綠能環保","151397","163733","122555","-7.534217292787648","23.533923544531028","1348409","853864","57.918474136396426","因子公司營收增長所致。"
"1151011","11509","6949","沛爾生醫*-創","生技醫療業","1931","6496","1888","-70.27401477832512","2.277542372881356","26265","25240","4.061014263074485","-"
"1151011","11509","6951","青新-創","綠能環保","81145","80618","104718","0.6537001662159816","-22.510934127848124","686442","611463","12.262230094053114","-"
"1151011","11509","6952","大武山","其他","221277","218630","185564","1.210721309975758","19.245651096117783","1783177","1395521","27.778585918807384","-"
"1151011","11509","6955","邦睿生技-創","生技醫療業","30020","30724","26215","-2.2913683114177843","14.514590883082205","263829","224075","17.741381233961842","-"
"1151011","11509","6962","奕力-KY","半導體業","1786705","1913683","1763523","-6.635268223629514","1.3145277946474188","14351875","14355224","-0.023329486185656178","-"
"1151011","11509","6969","成信實業*-創","綠能環保","25424","22540","27078","12.79503105590062","-6.1082797843267596","216010","229806","-6.003324543310445","-"
"1151011","11509","6988","威力暘-創","汽車工業","64996","53939","62018","20.49908229666846","4.801831726273018","532899","600863","-11.311064252583368","-"
"1151011","11509","6994","富威電力","綠能環保","174710","155740","340080","12.180557339155001","-48.62679369560104","1959738","1529978","28.089292787216547","-"
"1151011","11509","7610","聯友金屬-創","綠能環保","1072943","1134242","130406","-5.404402235149113","722.7711915095931","6107418","889160","586.8750281164245","9月單月及累積合併營收較去年同期分別增加723%及587%，主要在於鎢製品出貨量及出貨價格較去年同期增加所致。"
"1151011","11509","7705","三商餐飲","觀光餐旅","526906","627104","555910","-15.977892024289432","-5.217391304347826","4975991","4864101","2.300322300050924","-"
"1151011","11509","7711","永擎","電腦及週邊設備業","4517586","2154323","3183815","109.6986385049967","41.892226778251874","27527299","17510549","57.20408880384047","客戶需求強勁"
"1151011","11509","7721","微程式","數位雲端","63521","54852","45219","15.804346240793407","40.47413697781906","509318","367835","38.46371334973561","-"
"1151011","11509","7730","暉盛-創","半導體業","92762","51542","56418","79.97361375189166","64.41915700662909","370244","355569","4.127187690715445","設備出貨，致營業收入較去年同期增加"
"1151011","11509","7736","虎山","汽車工業","104186","119243","144281","-12.627156311062285","-27.789521835861965","1041984","1278163","-18.478003196775372","-"
"1151011","11509","7749","意騰-KY","半導體業","162787","198991","211716","-18.193787658738334","-23.110676566721455","1654926","1142713","44.8242909636978","-"
"1151011","11509","7750","新代","電機機械","2499090","2436613","1110284","2.5640920408780548","125.08565376065944","20930076","10265482","103.88790316908646","開發客戶及穩固市場關係策略，成果持續顯現。"
"1151011","11509","7765","中華資安","數位雲端","204891","146576","155916","39.78482152603428","31.41114446240283","1743717","1469233","18.682128702527102","-"
"1151011","11509","7768","頌勝科技","半導體業","186252","187491","138537","-0.6608317199225563","34.44206240932025","1685095","1510623","11.549671890339283","-"
"1151011","11509","7769","鴻勁","半導體業","5729331","5218962","2861577","9.779128493367072","100.21585999607909","40713157","20995036","93.91801471547846","主要係因市場需求較去年同期成長所致。"
"1151011","11509","7780","大研生醫*","食品工業","202828","203124","152939","-0.14572379433252594","32.620194979697786","1683381","1238978","35.868514210906085","-"
"1151011","11509","7786","東方風能","綠能環保","1342240","1562812","1372411","-14.11378975846103","-2.198393921354463","10474768","8397423","24.73788684933461","-"
"1151011","11509","7788","松川精密","電子零組件業","877203","872043","506170","0.5917139407116392","73.30205267005157","6852465","4758520","44.00412313072132","主要客戶訂單增加致營收成長。"
"1151011","11509","7795","長廣","電子零組件業","364222","359809","113712","1.22648405126053","220.3021668777262","1798055","1262895","42.37565276606527","115年9月份認列營收之設備機台數量與金額較114年同期增加所致。"
"1151011","11509","7799","禾榮科","生技醫療業","1105","334","1514","230.83832335329342","-27.01453104359313","4829","5526","-12.613101701049583","-"
"1151011","11509","7803","雲象科技-創","生技醫療業","8797","7043","24145","24.904160159023142","-63.56595568440671","49233","139421","-64.6875291383651","去年同期有專案驗收完成,故認列收入。"
"1151011","11509","7812","稜研科技*-創","通信網路業","10436","13303","3322","-21.55152973013606","214.14810355207706","108038","103553","4.331115467441793","本月營收較去年同期顯著提升，主要係出貨量增加所致。"
"1151011","11509","7818","溢泰實業","綠能環保","1149215","1054334","1002203","8.999140689762447","14.668884447562021","9092021","9525014","-4.5458515861499","-"
"1151011","11509","7821","神數","汽車工業","1144409","757582","675712","51.060743259475544","69.3634270221633","7748018","5944434","30.340718729487115","本月營收較去年同期增加，主要係客戶需求成長及出貨量增加所致"
"1151011","11509","7822","倍利科","半導體業","311736","301952","224962","3.240250105977109","38.572736728869764","2306056","1306481","76.50895803306746","本月認列設備營收較前期多"
"1151011","11509","7823","奧義賽博-KY創","數位雲端","29411","28208","29953","4.264747589336358","-1.8095015524321436","266419","251075","6.111321318331176","-"
"1151011","11509","7827","漢康-KY創","生技醫療業","0","0","312223","","-100.0","27662","312223","-91.14030676791909","增減變動差異原因: 係本年為臨床藥品銷貨收入，去年同期則為授權相關履約義務已經達成而認列相關授權收入"
"1151011","11509","7855","和運租車","其他","2228131","2576461","2004553","-13.519707847314592","11.153509036678003","22906113","21641749","5.842245005244262","-"
"1151011","11509","8011","台通","通信網路業","171449","138482","190689","23.8059820048815","-10.08972725222745","1272229","1557911","-18.337504517267032","-"
"1151011","11509","8016","矽創","半導體業","1978993","1908016","1657621","3.7199373590158573","19.38754395606716","17503272","13694527","27.812169051183734","-"
"1151011","11509","8021","尖點","其他電子業","829656","770701","418316","7.649529454353893","98.33236118149915","5496440","3068827","79.10556704564969","本月增減百分比或本年增減百分比達50%以上：主要係市場需求增加所致。"
"1151011","11509","8028","昇陽半導體","半導體業","512048","505365","384441","1.3224105349598805","33.19286964709799","4262385","3290294","29.544198785883573","-"
"1151011","11509","8033","雷虎","其他","117583","176140","91926","-33.24457817645055","27.910493222809652","1239675","1079527","14.8350157059527","-"
"1151011","11509","8039","台虹","電子零組件業","839825","806704","1036890","4.105719074158551","-19.005391121526873","7605357","7864257","-3.2921101128816113","自結數尚未經會計師簽證，特此說明。"
"1151011","11509","8045","達運光電","通信網路業","127598","132509","106412","-3.7061633549419284","19.909408713303012","1319670","998860","32.11761408005126","-"
"1151011","11509","8046","南電","電子零組件業","5585816","5352700","3539459","4.3551105049787955","57.81553056554688","41130983","29008401","41.78990079460085","因受市場需求成長影響。"
"1151011","11509","8070","長華*","電子通路業","2295985","2232762","1696856","2.8316049807368633","35.30818171960379","18312399","14241081","28.588546052086915","-"
"1151011","11509","8072","陞泰","電子通路業","110226","113421","111639","-2.8169386621525114","-1.2656867223819632","1077045","905949","18.885831321630686","-"
"1151011","11509","8081","致新","半導體業","828391","804526","725549","2.966342914958622","14.174370028764425","6820407","6621436","3.0049524000534023","-"
"1151011","11509","8101","華冠","通信網路業","30510","25872","22652","17.926716141001855","34.69009358996998","289640","307022","-5.66148354189602","-"
"1151011","11509","8103","瀚荃","電子零組件業","403420","403097","314080","0.08012959659833738","28.444982170147732","3209534","2463503","30.283340430273476","係本公司自結合併營收"
"1151011","11509","8104","錸寶","光電業","273795","262750","226537","4.203615604186489","20.861051395577764","2117752","3035141","-30.225580953240723","-"
"1151011","11509","8105","凌巨","光電業","702346","707124","765263","-0.6756947862043998","-8.221617927431485","6345948","6467356","-1.8772431887157597","-"
"1151011","11509","8110","華東","半導體業","777105","798331","652419","-2.6587969150640522","19.111337959194934","6176402","5325555","15.976682242508058","-"
"1151011","11509","8112","至上","電子通路業","66034488","40741046","19798187","62.08343791664063","233.53805578258252","444424469","156194600","184.5325440188073","營收大幅成長，主要係記憶體等零組件價格持續上漲，伺服器及手機客戶拉貨動能強勁所致。"
"1151011","11509","8114","振樺電","電腦及週邊設備業","1440617","1542429","996282","-6.600757636169963","44.59932027277417","13672292","15252321","-10.359269254823577","-"
"1151011","11509","8131","福懋科","半導體業","1236679","1135080","912768","8.950822849490784","35.486673503015005","9561131","6966995","37.2346470752455","-"
"1151011","11509","8150","南茂","半導體業","2792044","2785705","2087363","0.22755460466919505","33.759389238958434","22719487","17411824","30.483095854862764","-"
"1151011","11509","8162","微矽電子-創","半導體業","116829","126321","107458","-7.514190039660864","8.720616426883062","986154","986649","-0.05016981722983553","-"
"1151011","11509","8163","達方","電腦及週邊設備業","2162368","2319492","2239296","-6.77406949452725","-3.43536540055446","20552946","18888800","8.810226165770192","-"
"1151011","11509","8201","無敵","其他電子業","36215","30334","40210","19.387485989318915","-9.935339467794082","336744","339342","-0.76559930689393","-"
"1151011","11509","8210","勤誠","電腦及週邊設備業","2475728","2456984","2176441","0.7628865308036193","13.751211266466676","22323344","15261339","46.27382302430999","-"
"1151011","11509","8213","志超","電子零組件業","2194091","2100473","1457019","4.456996114684645","50.58767250118221","16632737","13767453","20.81201221460498","因市場需求增加"
"1151011","11509","8215","明基材","光電業","1627061","1598251","1500860","1.8025954621645786","8.408579081326707","14380980","13518487","6.380100080726489","-"
"1151011","11509","8222","寶一","電機機械","80772","62107","81913","30.052973094820228","-1.3929412913701122","716332","726406","-1.3868277519734142","-"
"1151011","11509","8249","菱光","電子零組件業","377050","271912","283249","38.666186119038514","33.11609220156117","2980177","2760275","7.966669987591816","-"
"1151011","11509","8261","富鼎","半導體業","265599","285265","270341","-6.893940721785007","-1.7540809570135496","2501944","2364068","5.832150344237137","-"
"1151011","11509","8271","宇瞻","半導體業","3001434","2789279","1164647","7.60608745127325","157.7119075565386","25300238","7986108","216.80310358938297","本月營收較去年同期增加係因市場價格大幅上漲所致"
"1151011","11509","8341","日友","綠能環保","394540","386314","380004","2.129355912547824","3.8252228923906064","3366263","2948900","14.15317576045305","-"
"1151011","11509","8367","建新國際","航運業","287325","269268","242165","6.705958376041713","18.648442177853944","2491923","2378136","4.7847137421913635","-"
"1151011","11509","8374","羅昇","電機機械","440712","476925","367137","-7.593017770089637","20.040202976000785","4441933","3261089","36.21011263415381","-"
"1151011","11509","8404","百和興業-KY","其他","731592","698707","703451","4.706550814576067","4.000420782684224","5955434","5743434","3.6911715186419833","-"
"1151011","11509","8411","福貞-KY","其他","986085","1192222","830320","-17.29015233740025","18.75963483957992","8348546","6782691","23.08604357768915","-"
"1151011","11509","8422","可寧衛*","綠能環保","708808","700892","358349","1.1294179417085657","97.79823579806278","5367269","3786595","41.74394145663848","營收增加係南區焚化爐BOT案依IFRIC12會計處理，每月按工程進度認列成本，同步依成本金額認列工程收入，未產生毛利。"
"1151011","11509","8438","昶昕","綠能環保","462102","482910","343708","-4.308877430577126","34.44609959616884","3911480","2796546","39.86825176485565","-"
"1151011","11509","8442","威宏-KY","其他","850612","815007","585472","4.3686741340871915","45.28653804110188","6849708","5898785","16.12065874582647","-"
"1151011","11509","8443","阿瘦","貿易百貨","70279","85703","78243","-17.997036276443065","-10.178546323632785","750421","824110","-8.941646139471672","-"
"1151011","11509","8462","柏文","運動休閒","623727","622404","536894","0.21256290126670138","16.173211099397648","5273786","4428444","19.088917010128164","-"
"1151011","11509","8463","潤泰材","其他","594998","594449","625565","0.09235443242397581","-4.886302782284814","5180198","5383655","-3.7791611832481835","-"
"1151011","11509","8464","億豐","居家生活","2661849","2815597","2346030","-5.460582604683838","13.46184831396018","23714434","22296942","6.357338149778566","-"
"1151011","11509","8466","美吉吉-KY","其他","206431","214111","218359","-3.586924539140913","-5.462563942864732","1948386","2481718","-21.49043525493227","-"
"1151011","11509","8473","山林水","綠能環保","527020","358372","829580","47.05948009331086","-36.47146748957304","3697229","3603998","2.586877129232591","-"
"1151011","11509","8478","東哥遊艇","運動休閒","235092","535312","620727","-56.083181397017064","-62.12634539821854","3730876","4160960","-10.336172421748827","主係認列遊艇銷貨收入減少所致"
"1151011","11509","8481","政伸","其他","106852","111921","100836","-4.529087481348451","5.966123209964695","917149","887150","3.381502564391591","-"
"1151011","11509","8487","愛爾達-創","數位雲端","135375","93137","87183","45.35039780108872","55.2768314923781","1357648","802164","69.24818366319107","月營收年增率55.28%，主係本月轉播亞運所致；年營收年增率69.25%，主係今年轉播世界棒球經典賽、FIFA世界盃足球賽及亞運所致。"
"1151011","11509","8488","吉源-KY","其他","309212","385646","281977","-19.819731048681952","9.658589175712912","3112874","2158618","44.20680268579248","-"
"1151011","11509","8499","鼎炫-KY","其他電子業","398960","372324","391769","7.153984164329992","1.8355204214728578","3077280","1777839","73.09103917733833","本年累計營收淨額較去年同期增加比率大於50%係因於2025年8、9月分別收購常州威斯雙聯科技及蘇州德佑新材料科技所致"
"1151011","11509","8926","台汽電","油電燃氣業","5944016","7034538","489596","-15.502396888040124","1114.0654743911307","53614139","5644100","849.9147605464113","本月及累計合併營業收入較去年同期增加，主要係自115年起因將森霸、星 電、星元納入為子公司，故併入合併營收計算。"
"1151011","11509","8940","新天地","觀光餐旅","107622","66286","61416","62.36007603415503","75.23446658851114","1177546","1107575","6.31749542920344","本月較去年同月營收增加75.23%，係民俗月在去年同月所致。"
"1151011","11509","8996","高力","電機機械","1616110","1203933","636816","34.23587525219427","153.7797417150323","9470912","4289677","120.78380260331956","說明:本年累計營收較去年同期增加120.78%，主要係板式熱交換器及熱能產品年度營收分別較去年同期增加19.94%及163.69%所致"
"1151011","11509","9105","泰金寶-DR","存託憑證","20237835","11805184","16715601","71.43176252060113","21.071536703945014","108960761","96962974","12.373575711487563","-"
"1151011","11509","9802","鈺齊-KY","運動休閒","1597564","1694201","928831","-5.7039867170424285","71.9972739927931","14369046","12719347","12.969997595002322","品牌客戶拉貨力道增溫及產能擴增有成。"
"1151011","11509","9902","台火","其他","40284","2187","6668","1741.9753086419753","504.1391721655669","87432","133982","-34.743473003836336","本月營業收入較去年同期增加，主要係本月有較大額投標車輛出售所致。"
"1151011","11509","9905","大華","其他","813505","1057769","703815","-23.09237650186383","15.585061415286688","8045300","6370113","26.297602570001505","-"
"1151011","11509","9906","欣巴巴","建材營造","275810","60709","16732","354.3148462336721","1548.3982787473105","1528080","421362","262.6525410454668","本月營收與去年同期之差異，主係本月新個案仍持續入帳。"
"1151011","11509","9907","統一實","其他","3865857","3489458","4052430","10.78674682429191","-4.603978353728504","32277308","35982178","-10.296402846987194","-"
"1151011","11509","9908","大台北","油電燃氣業","264897","268281","251321","-1.2613640175785836","5.401856589779604","2587231","2551572","1.3975306203391478","-"
"1151011","11509","9910","豐泰","運動休閒","6440886","7370345","6762836","-12.610793660269634","-4.7605767757786825","60820171","62788533","-3.1349068149115698","合併營業收入為本公司自結數."
"1151011","11509","9911","櫻花","居家生活","850872","868810","904144","-2.0646631599544203","-5.891981808207542","8127140","7719192","5.284853647894754","-"
"1151011","11509","9912","偉聯","電腦及週邊設備業","42558","36061","47281","18.016693935276336","-9.989213426111968","352293","362614","-2.8462773086532787","-"
"1151011","11509","9917","中保科","其他","1621707","1635841","1587007","-0.8640204029609234","2.186505793610236","14416066","14083655","2.3602608839821766","-"
"1151011","11509","9918","欣天然","油電燃氣業","135835","152105","134292","-10.696558298543769","1.148988770738391","1595223","1601329","-0.3813082758134025","-"
"1151011","11509","9919","康那香","其他","259662","226170","231612","14.808330017243666","12.110771462618517","2026059","2004758","1.0625222595445436","-"
"1151011","11509","9921","巨大","運動休閒","5368043","5185838","5217590","3.5135112203659276","2.8835726839402867","45499472","47962171","-5.134669571150146","-"
"1151011","11509","9924","福興","居家生活","686479","623420","620992","10.115010747168842","10.545546480469957","5411736","5673000","-4.6053939714436805","-"
"1151011","11509","9925","新保","其他","711624","724802","682067","-1.8181517159168987","4.333445248047479","6305714","6024547","4.667023097338273","-"
"1151011","11509","9926","新海","油電燃氣業","188434","179837","180321","4.780440065170127","4.499198651294081","1871149","1876869","-0.3047628790288507","-"
"1151011","11509","9927","泰銘","其他","722004","789942","607874","-8.600378255618766","18.77527250713141","7258295","5914792","22.71428986851947","-"
"1151011","11509","9928","中視","其他","72274","63907","61477","13.092462484547859","17.56266571238024","637652","595922","7.002594299253929","-"
"1151011","11509","9929","秋雨","其他","62287","66794","50849","-6.74761206096356","22.494051013785914","533587","473595","12.667363464563604","-"
"1151011","11509","9930","中聯資源","綠能環保","1175575","1150595","1167109","2.171050630326049","0.7253821194078702","10192549","10465863","-2.6114807732530037","-"
"1151011","11509","9931","欣高","油電燃氣業","153722","138867","115493","10.69728589225662","33.10070740218022","1305028","1167632","11.767063595379366","-"
"1151011","11509","9933","中鼎","其他","8356732","6996004","8015887","19.450074642610268","4.252118324522289","59573857","67659529","-11.950529540340135","-"
"1151011","11509","9937","全國","油電燃氣業","2069561","2013456","1853972","2.7865024117735873","11.628492771196113","17886816","16999822","5.217666396742271","-"
"1151011","11509","9938","百和","其他","1490654","1440671","1406877","3.469425010984465","5.954820499588806","12251268","12008423","2.0222888550811375","-"
"1151011","11509","9939","宏全","其他","2535362","2842874","2447348","-10.816940884471137","3.596300975586635","23659929","22899197","3.322090289890951","-"
"1151011","11509","9940","信義","其他","996036","963986","817834","3.3247370812439185","21.789507406148434","8765431","6809724","28.719328419184095","-"
"1151011","11509","9941","裕融","其他","3412640","3323255","3245977","2.6896822542958634","5.13444796435711","29703778","29883903","-0.6027492459736601","-"
"1151011","11509","9942","茂順","其他","394517","378507","335081","4.22977646384347","17.737800710872893","3455481","3007751","14.885873198944992","-"
"1151011","11509","9943","好樂迪","觀光餐旅","180430","190552","173362","-5.311935849531887","4.07701803163323","1738140","1817473","-4.365016701761181","-"
"1151011","11509","9944","新麗","其他","184782","175295","163881","5.4120197381556805","12.753766452486866","1946987","1762141","10.489852968633043","-"
"1151011","11509","9946","三發地產","建材營造","3828","67586","3253","-94.33610511052585","17.675991392560714","2761517","92959","2870.6827741262277","累月營收較去年同期增加，係因預售建案完工交屋入帳所致。"
"1151011","11509","9955","佳龍","綠能環保","146568","191008","135793","-23.26604121293349","7.934871458764443","1296182","1076653","20.38994922226567","-"
"1151011","11509","9958","世紀鋼","鋼鐵工業","1958954","1804740","1068557","8.54494276183827","83.32704759783522","15876412","10904807","45.590949019088555","本月增加百分比達50%以上，主要係風力事業案依進度如期交貨及相關工程收入挹注所致。"
